日期,菜品编号,菜品名称,时段,星期,是否售罄,真实需求,预测值,预测残差
2026-04-20,D01,宫保鸡丁,午餐,周一,是,189.0,158.01610717761977,30.983892822380227
2026-04-20,D01,宫保鸡丁,晚餐,周一,是,142.0,121.4455644521134,20.554435547886598
2026-04-20,D02,红烧肉,午餐,周一,否,123.0,118.72425530482342,4.275744695176584
2026-04-20,D02,红烧肉,晚餐,周一,否,98.0,90.36669801990449,7.63330198009551
2026-04-20,D03,鱼香肉丝,午餐,周一,是,162.0,144.1428641239899,17.85713587601009
2026-04-20,D03,鱼香肉丝,晚餐,周一,否,127.0,115.04660156400381,11.953398435996192
2026-04-20,D04,麻婆豆腐,午餐,周一,是,160.0,141.2995124785888,18.70048752141119
2026-04-20,D04,麻婆豆腐,晚餐,周一,是,130.0,121.71881475574305,8.281185244256946
2026-04-20,D05,番茄炒蛋,午餐,周一,否,175.0,158.16296690429738,16.837033095702623
2026-04-20,D05,番茄炒蛋,晚餐,周一,否,150.0,142.47769152264163,7.522308477358365
2026-04-20,D06,青椒土豆丝,午餐,周一,否,145.0,133.09010516916675,11.909894830833252
2026-04-20,D06,青椒土豆丝,晚餐,周一,是,135.0,115.87403025511946,19.125969744880535
2026-04-20,D07,香菇青菜,午餐,周一,否,115.0,100.89053876045851,14.109461239541488
2026-04-20,D07,香菇青菜,晚餐,周一,是,91.0,87.56055655143645,3.4394434485635514
2026-04-20,D08,水煮鸡片,午餐,周一,是,136.0,134.29694841613247,1.7030515838675342
2026-04-20,D08,水煮鸡片,晚餐,周一,是,118.0,103.90999963776383,14.090000362236168
2026-04-20,D09,糖醋里脊,午餐,周一,是,125.0,108.5717283090305,16.428271690969495
2026-04-20,D09,糖醋里脊,晚餐,周一,是,104.0,89.56963459600681,14.430365403993193
2026-04-20,D10,西红柿牛腩,午餐,周一,是,109.0,100.18809635147528,8.81190364852472
2026-04-20,D10,西红柿牛腩,晚餐,周一,是,93.0,86.54902802345573,6.450971976544267
2026-04-21,D01,宫保鸡丁,午餐,周二,否,153.0,159.03524487945188,-6.035244879451881
2026-04-21,D01,宫保鸡丁,晚餐,周二,否,131.0,139.05789384604586,-8.057893846045857
2026-04-21,D02,红烧肉,午餐,周二,是,113.0,118.8725022504056,-5.872502250405603
2026-04-21,D02,红烧肉,晚餐,周二,是,99.0,97.47122163404126,1.5287783659587433
2026-04-21,D03,鱼香肉丝,午餐,周二,否,139.0,159.03524487945188,-20.03524487945188
2026-04-21,D03,鱼香肉丝,晚餐,周二,否,129.0,125.00191337792651,3.9980866220734868
2026-04-21,D04,麻婆豆腐,午餐,周二,否,131.0,154.15437584329248,-23.154375843292485
2026-04-21,D04,麻婆豆腐,晚餐,周二,是,124.0,125.27614203514369,-1.2761420351436925
2026-04-21,D05,番茄炒蛋,午餐,周二,是,173.0,159.03524487945188,13.96475512054812
2026-04-21,D05,番茄炒蛋,晚餐,周二,是,151.0,153.30489551500972,-2.3048955150097186
2026-04-21,D06,青椒土豆丝,午餐,周二,是,143.0,140.64308167546727,2.356918324532728
2026-04-21,D06,青椒土豆丝,晚餐,周二,否,105.0,124.44663978665554,-19.44663978665554
2026-04-21,D07,香菇青菜,午餐,周二,否,107.0,115.65632742614157,-8.656327426141573
2026-04-21,D07,香菇青菜,晚餐,周二,否,82.0,86.30336457163543,-4.303364571635427
2026-04-21,D08,水煮鸡片,午餐,周二,否,130.0,133.5333175361369,-3.533317536136906
2026-04-21,D08,水煮鸡片,晚餐,周二,是,103.0,100.20366237384002,2.796337626159982
2026-04-21,D09,糖醋里脊,午餐,周二,否,119.0,115.31657815244861,3.6834218475513865
2026-04-21,D09,糖醋里脊,晚餐,周二,否,96.0,102.48163004203639,-6.481630042036386
2026-04-21,D10,西红柿牛腩,午餐,周二,否,94.0,100.25672788597909,-6.256727885979089
2026-04-21,D10,西红柿牛腩,晚餐,周二,是,90.0,86.54895576589294,3.4510442341070586
2026-04-22,D01,宫保鸡丁,午餐,周三,是,178.0,148.65290459985016,29.34709540014984
2026-04-22,D01,宫保鸡丁,晚餐,周三,否,132.0,119.97216661564335,12.027833384356654
2026-04-22,D02,红烧肉,午餐,周三,否,125.0,112.37617851278996,12.623821487210037
2026-04-22,D02,红烧肉,晚餐,周三,是,110.0,88.82957571995227,21.170424280047726
2026-04-22,D03,鱼香肉丝,午餐,周三,否,161.0,136.84295999291564,24.157040007084362
2026-04-22,D03,鱼香肉丝,晚餐,周三,否,129.0,107.55524232090752,21.444757679092476
2026-04-22,D04,麻婆豆腐,午餐,周三,是,152.0,137.89122364122687,14.108776358773127
2026-04-22,D04,麻婆豆腐,晚餐,周三,是,139.0,110.50441803861636,28.495581961383635
2026-04-22,D05,番茄炒蛋,午餐,周三,否,175.0,148.30788925502796,26.69211074497204
2026-04-22,D05,番茄炒蛋,晚餐,周三,是,152.0,141.03338084008624,10.966619159913762
2026-04-22,D06,青椒土豆丝,午餐,周三,否,132.0,134.15119654848328,-2.1511965484832842
2026-04-22,D06,青椒土豆丝,晚餐,周三,是,130.0,97.43639617039601,32.56360382960399
2026-04-22,D07,香菇青菜,午餐,周三,是,116.0,97.85716748654092,18.142832513459084
2026-04-22,D07,香菇青菜,晚餐,周三,否,92.0,79.72971505091193,12.270284949088065
2026-04-22,D08,水煮鸡片,午餐,周三,是,133.0,119.73603997133016,13.263960028669842
2026-04-22,D08,水煮鸡片,晚餐,周三,否,103.0,98.42372296853665,4.5762770314633485
2026-04-22,D09,糖醋里脊,午餐,周三,是,129.0,104.19241752164564,24.807582478354362
2026-04-22,D09,糖醋里脊,晚餐,周三,是,108.0,88.42118537257761,19.57881462742239
2026-04-22,D10,西红柿牛腩,午餐,周三,是,108.0,95.3230905389707,12.676909461029297
2026-04-22,D10,西红柿牛腩,晚餐,周三,否,88.0,84.62002018186922,3.379979818130778
2026-04-23,D01,宫保鸡丁,午餐,周四,否,165.0,151.62016405821953,13.37983594178047
2026-04-23,D01,宫保鸡丁,晚餐,周四,否,118.0,125.78232727569846,-7.782327275698464
2026-04-23,D02,红烧肉,午餐,周四,是,107.0,113.93870919066903,-6.93870919066903
2026-04-23,D02,红烧肉,晚餐,周四,是,91.0,90.18710652953138,0.812893470468623
2026-04-23,D03,鱼香肉丝,午餐,周四,是,147.0,143.77554531349105,3.224454686508949
2026-04-23,D03,鱼香肉丝,晚餐,周四,是,122.0,118.44181914874311,3.5581808512568927
2026-04-23,D04,麻婆豆腐,午餐,周四,否,145.0,139.3506901463236,5.649309853676414
2026-04-23,D04,麻婆豆腐,晚餐,周四,否,118.0,126.3959189252967,-8.395918925296698
2026-04-23,D05,番茄炒蛋,午餐,周四,否,163.0,151.62016405821953,11.37983594178047
2026-04-23,D05,番茄炒蛋,晚餐,周四,是,137.0,142.85808660775058,-5.858086607750579
2026-04-23,D06,青椒土豆丝,午餐,周四,否,130.0,126.32289187897423,3.6771081210257677
2026-04-23,D06,青椒土豆丝,晚餐,周四,否,109.0,108.90062153533195,0.09937846466804956
2026-04-23,D07,香菇青菜,午餐,周四,否,102.0,105.37417523491858,-3.3741752349185816
2026-04-23,D07,香菇青菜,晚餐,周四,是,85.0,86.36333773597212,-1.3633377359721237
2026-04-23,D08,水煮鸡片,午餐,周四,是,136.0,126.29124331792993,9.708756682070074
2026-04-23,D08,水煮鸡片,晚餐,周四,是,103.0,99.93811799050717,3.061882009492834
2026-04-23,D09,糖醋里脊,午餐,周四,是,122.0,111.14232363710953,10.857676362890473
2026-04-23,D09,糖醋里脊,晚餐,周四,是,102.0,89.51227328292403,12.487726717075972
2026-04-23,D10,西红柿牛腩,午餐,周四,是,99.0,98.00254334923382,0.997456650766182
2026-04-23,D10,西红柿牛腩,晚餐,周四,是,84.0,85.76990567319531,-1.7699056731953107
2026-04-24,D01,宫保鸡丁,午餐,周五,是,134.0,152.9535897539125,-18.953589753912496
2026-04-24,D01,宫保鸡丁,晚餐,周五,是,110.0,114.67645548162851,-4.676455481628508
2026-04-24,D02,红烧肉,午餐,周五,否,88.0,105.56159510995174,-17.56159510995174
2026-04-24,D02,红烧肉,晚餐,周五,是,77.0,89.30234110718418,-12.302341107184176
2026-04-24,D03,鱼香肉丝,午餐,周五,是,115.0,150.86361633082186,-35.863616330821856
2026-04-24,D03,鱼香肉丝,晚餐,周五,是,99.0,110.63966616735371,-11.63966616735371
2026-04-24,D04,麻婆豆腐,午餐,周五,否,115.0,145.47150522682753,-30.47150522682753
2026-04-24,D04,麻婆豆腐,晚餐,周五,否,102.0,107.89664950677108,-5.896649506771084
2026-04-24,D05,番茄炒蛋,午餐,周五,否,134.0,152.9535897539125,-18.953589753912496
2026-04-24,D05,番茄炒蛋,晚餐,周五,否,108.0,137.09744691534823,-29.09744691534823
2026-04-24,D06,青椒土豆丝,午餐,周五,是,110.0,123.42689453244357,-13.42689453244357
2026-04-24,D06,青椒土豆丝,晚餐,周五,否,87.0,104.33330857862603,-17.33330857862603
2026-04-24,D07,香菇青菜,午餐,周五,是,85.0,98.10376972412354,-13.103769724123538
2026-04-24,D07,香菇青菜,晚餐,周五,是,61.0,82.04420483329855,-21.04420483329855
2026-04-24,D08,水煮鸡片,午餐,周五,否,96.0,127.6470120987273,-31.647012098727302
2026-04-24,D08,水煮鸡片,晚餐,周五,否,84.0,99.61524975626367,-15.615249756263665
2026-04-24,D09,糖醋里脊,午餐,周五,是,95.0,103.50884662705559,-8.50884662705559
2026-04-24,D09,糖醋里脊,晚餐,周五,是,76.0,90.82934873373863,-14.829348733738627
2026-04-24,D10,西红柿牛腩,午餐,周五,否,75.0,95.60111056536692,-20.601110565366923
2026-04-24,D10,西红柿牛腩,晚餐,周五,否,58.0,82.04420483329855,-24.04420483329855
2026-04-27,D01,宫保鸡丁,午餐,周一,否,162.0,152.83753635116074,9.162463648839264
2026-04-27,D01,宫保鸡丁,晚餐,周一,否,132.0,138.55984143809545,-6.559841438095447
2026-04-27,D02,红烧肉,午餐,周一,否,128.0,119.50576809226116,8.494231907738836
2026-04-27,D02,红烧肉,晚餐,周一,否,96.0,95.58787771858356,0.412122281416444
2026-04-27,D03,鱼香肉丝,午餐,周一,是,157.0,149.655963441019,7.344036558981003
2026-04-27,D03,鱼香肉丝,晚餐,周一,否,130.0,124.09902098613118,5.90097901386882
2026-04-27,D04,麻婆豆腐,午餐,周一,否,142.0,145.94632492951743,-3.9463249295174307
2026-04-27,D04,麻婆豆腐,晚餐,周一,是,137.0,128.53711199093982,8.46288800906018
2026-04-27,D05,番茄炒蛋,午餐,周一,否,176.0,152.83753635116074,23.162463648839264
2026-04-27,D05,番茄炒蛋,晚餐,周一,否,145.0,143.5180606913863,1.481939308613704
2026-04-27,D06,青椒土豆丝,午餐,周一,否,132.0,139.77447209338956,-7.774472093389562
2026-04-27,D06,青椒土豆丝,晚餐,周一,否,120.0,121.89561267300752,-1.8956126730075198
2026-04-27,D07,香菇青菜,午餐,周一,否,96.0,107.40595083703546,-11.405950837035462
2026-04-27,D07,香菇青菜,晚餐,周一,否,92.0,87.60793509145722,4.392064908542778
2026-04-27,D08,水煮鸡片,午餐,周一,否,139.0,137.12745991429304,1.8725400857069587
2026-04-27,D08,水煮鸡片,晚餐,周一,是,111.0,110.98892063384017,0.011079366159833626
2026-04-27,D09,糖醋里脊,午餐,周一,否,113.0,124.76837136077796,-11.768371360777962
2026-04-27,D09,糖醋里脊,晚餐,周一,否,94.0,99.0553004255081,-5.0553004255080936
2026-04-27,D10,西红柿牛腩,午餐,周一,否,102.0,107.64975773026069,-5.6497577302606885
2026-04-27,D10,西红柿牛腩,晚餐,周一,否,84.0,88.5944495590207,-4.594449559020703
2026-04-28,D01,宫保鸡丁,午餐,周二,否,161.0,156.6590702994684,4.340929700531603
2026-04-28,D01,宫保鸡丁,晚餐,周二,是,134.0,128.44049439033276,5.559505609667241
2026-04-28,D02,红烧肉,午餐,周二,否,119.0,112.5787584890274,6.421241510972607
2026-04-28,D02,红烧肉,晚餐,周二,是,97.0,92.70054464009117,4.299455359908833
2026-04-28,D03,鱼香肉丝,午餐,周二,否,149.0,150.4788515694777,-1.4788515694777118
2026-04-28,D03,鱼香肉丝,晚餐,周二,否,123.0,124.83457436189833,-1.8345743618983334
2026-04-28,D04,麻婆豆腐,午餐,周二,否,140.0,142.20862033504878,-2.208620335048778
2026-04-28,D04,麻婆豆腐,晚餐,周二,是,128.0,126.88088901405388,1.1191109859461221
2026-04-28,D05,番茄炒蛋,午餐,周二,否,174.0,156.6590702994684,17.340929700531603
2026-04-28,D05,番茄炒蛋,晚餐,周二,是,137.0,147.6323290508535,-10.632329050853514
2026-04-28,D06,青椒土豆丝,午餐,周二,是,136.0,137.79435618248678,-1.79435618248678
2026-04-28,D06,青椒土豆丝,晚餐,周二,否,114.0,101.71654253222478,12.283457467775222
2026-04-28,D07,香菇青菜,午餐,周二,否,107.0,103.55015190411459,3.4498480958854145
2026-04-28,D07,香菇青菜,晚餐,周二,是,88.0,82.51511780995523,5.484882190044772
2026-04-28,D08,水煮鸡片,午餐,周二,否,133.0,132.9481990023955,0.051800997604487975
2026-04-28,D08,水煮鸡片,晚餐,周二,否,108.0,97.38377790421224,10.616222095787762
2026-04-28,D09,糖醋里脊,午餐,周二,否,111.0,115.03760577462354,-4.037605774623543
2026-04-28,D09,糖醋里脊,晚餐,周二,是,97.0,91.99162826870487,5.008371731295128
2026-04-28,D10,西红柿牛腩,午餐,周二,是,107.0,93.61862817460693,13.381371825393074
2026-04-28,D10,西红柿牛腩,晚餐,周二,是,92.0,84.83527387100547,7.1647261289945305
2026-04-29,D01,宫保鸡丁,午餐,周三,否,168.0,151.63493568700616,16.365064312993837
2026-04-29,D01,宫保鸡丁,晚餐,周三,否,139.0,121.12332048660568,17.876679513394322
2026-04-29,D02,红烧肉,午餐,周三,是,131.0,112.78892549726113,18.211074502738867
2026-04-29,D02,红烧肉,晚餐,周三,是,93.0,98.55854165938891,-5.558541659388908
2026-04-29,D03,鱼香肉丝,午餐,周三,是,150.0,150.13702330866403,-0.1370233086640269
2026-04-29,D03,鱼香肉丝,晚餐,周三,是,125.0,115.6880848028118,9.311915197188199
2026-04-29,D04,麻婆豆腐,午餐,周三,否,140.0,139.66953924037333,0.33046075962667487
2026-04-29,D04,麻婆豆腐,晚餐,周三,是,128.0,128.84889176299617,-0.8488917629961747
2026-04-29,D05,番茄炒蛋,午餐,周三,是,180.0,151.63493568700616,28.365064312993837
2026-04-29,D05,番茄炒蛋,晚餐,周三,是,144.0,133.67977823075188,10.320221769248121
2026-04-29,D06,青椒土豆丝,午餐,周三,是,139.0,121.41380906991832,17.586190930081685
2026-04-29,D06,青椒土豆丝,晚餐,周三,是,117.0,112.32209222712899,4.677907772871009
2026-04-29,D07,香菇青菜,午餐,周三,是,117.0,104.97540622041116,12.024593779588841
2026-04-29,D07,香菇青菜,晚餐,周三,是,88.0,84.93377698521233,3.066223014787667
2026-04-29,D08,水煮鸡片,午餐,周三,是,134.0,122.11140055406501,11.888599445934986
2026-04-29,D08,水煮鸡片,晚餐,周三,否,107.0,92.41912409569493,14.580875904305074
2026-04-29,D09,糖醋里脊,午餐,周三,是,118.0,113.22696101020618,4.773038989793818
2026-04-29,D09,糖醋里脊,晚餐,周三,否,93.0,98.55854165938891,-5.558541659388908
2026-04-29,D10,西红柿牛腩,午餐,周三,是,108.0,101.18996712010366,6.81003287989634
2026-04-29,D10,西红柿牛腩,晚餐,周三,否,86.0,80.88227547296658,5.117724527033417
2026-04-30,D01,宫保鸡丁,午餐,周四,是,114.0,149.58533857629803,-35.58533857629803
2026-04-30,D01,宫保鸡丁,晚餐,周四,是,88.0,127.3034213984132,-39.30342139841321
2026-04-30,D02,红烧肉,午餐,周四,是,80.0,109.17196465151024,-29.171964651510237
2026-04-30,D02,红烧肉,晚餐,周四,是,66.0,93.24712844687527,-27.247128446875266
2026-04-30,D03,鱼香肉丝,午餐,周四,否,91.0,149.58533857629803,-58.58533857629803
2026-04-30,D03,鱼香肉丝,晚餐,周四,否,81.0,116.93159274055405,-35.93159274055405
2026-04-30,D04,麻婆豆腐,午餐,周四,否,93.0,143.71274858843248,-50.712748588432476
2026-04-30,D04,麻婆豆腐,晚餐,周四,是,83.0,118.46805202014073,-35.46805202014073
2026-04-30,D05,番茄炒蛋,午餐,周四,是,107.0,149.58533857629803,-42.58533857629803
2026-04-30,D05,番茄炒蛋,晚餐,周四,是,99.0,146.82665667088278,-47.826656670882784
2026-04-30,D06,青椒土豆丝,午餐,周四,否,90.0,131.57665709555172,-41.576657095551724
2026-04-30,D06,青椒土豆丝,晚餐,周四,否,66.0,109.88766576804173,-43.88766576804173
2026-04-30,D07,香菇青菜,午餐,周四,是,73.0,100.81013224009631,-27.81013224009631
2026-04-30,D07,香菇青菜,晚餐,周四,否,53.0,85.04951726027419,-32.049517260274186
2026-04-30,D08,水煮鸡片,午餐,周四,否,85.0,133.97434528177578,-48.97434528177578
2026-04-30,D08,水煮鸡片,晚餐,周四,否,62.0,101.28473908510429,-39.28473908510429
2026-04-30,D09,糖醋里脊,午餐,周四,是,81.0,116.49063211579012,-35.49063211579012
2026-04-30,D09,糖醋里脊,晚餐,周四,是,61.0,98.52227085988142,-37.52227085988142
2026-04-30,D10,西红柿牛腩,午餐,周四,是,64.0,97.59979985741523,-33.599799857415235
2026-04-30,D10,西红柿牛腩,晚餐,周四,是,52.0,80.9093388617719,-28.9093388617719
2026-05-01,D01,宫保鸡丁,午餐,周五,否,93.0,128.24305667954096,-35.243056679540956
2026-05-01,D01,宫保鸡丁,晚餐,周五,否,82.0,106.25216380299534,-24.25216380299534
2026-05-01,D02,红烧肉,午餐,周五,否,74.0,86.48452232639892,-12.484522326398917
2026-05-01,D02,红烧肉,晚餐,周五,是,61.0,76.58934059087642,-15.589340590876418
2026-05-01,D03,鱼香肉丝,午餐,周五,否,92.0,112.33653411231158,-20.336534112311583
2026-05-01,D03,鱼香肉丝,晚餐,周五,是,76.0,91.4015629681133,-15.401562968113296
2026-05-01,D04,麻婆豆腐,午餐,周五,否,80.0,108.48321444020837,-28.48321444020837
2026-05-01,D04,麻婆豆腐,晚餐,周五,是,82.0,97.94481444846922,-15.944814448469216
2026-05-01,D05,番茄炒蛋,午餐,周五,是,111.0,128.22476292969756,-17.22476292969756
2026-05-01,D05,番茄炒蛋,晚餐,周五,否,86.0,107.9386397317452,-21.938639731745198
2026-05-01,D06,青椒土豆丝,午餐,周五,是,92.0,107.57058528074064,-15.570585280740644
2026-05-01,D06,青椒土豆丝,晚餐,周五,否,71.0,81.18502606080098,-10.185026060800979
2026-05-01,D07,香菇青菜,午餐,周五,否,70.0,81.39116143902764,-11.391161439027641
2026-05-01,D07,香菇青菜,晚餐,周五,是,53.0,76.58934059087642,-23.589340590876418
2026-05-01,D08,水煮鸡片,午餐,周五,否,79.0,94.09594405062828,-15.095944050628276
2026-05-01,D08,水煮鸡片,晚餐,周五,是,65.0,79.31198822088206,-14.311988220882057
2026-05-01,D09,糖醋里脊,午餐,周五,是,72.0,90.24984890127132,-18.24984890127132
2026-05-01,D09,糖醋里脊,晚餐,周五,否,59.0,76.58934059087642,-17.589340590876418
2026-05-01,D10,西红柿牛腩,午餐,周五,是,70.0,82.30271386763178,-12.30271386763178
2026-05-01,D10,西红柿牛腩,晚餐,周五,是,49.0,76.58934059087642,-27.589340590876418
2026-05-04,D01,宫保鸡丁,午餐,周一,否,155.0,134.45770211433083,20.54229788566917
2026-05-04,D01,宫保鸡丁,晚餐,周一,是,146.0,121.75983181092819,24.24016818907181
2026-05-04,D02,红烧肉,午餐,周一,否,105.0,119.60866147714188,-14.60866147714188
2026-05-04,D02,红烧肉,晚餐,周一,否,94.0,91.68578977066448,2.314210229335515
2026-05-04,D03,鱼香肉丝,午餐,周一,否,144.0,133.56193337733464,10.43806662266536
2026-05-04,D03,鱼香肉丝,晚餐,周一,是,128.0,119.85300300329985,8.146996996700153
2026-05-04,D04,麻婆豆腐,午餐,周一,否,136.0,127.64788211698287,8.35211788301713
2026-05-04,D04,麻婆豆腐,晚餐,周一,是,124.0,123.04460086796723,0.9553991320327668
2026-05-04,D05,番茄炒蛋,午餐,周一,是,163.0,137.33822753291972,25.661772467080283
2026-05-04,D05,番茄炒蛋,晚餐,周一,否,154.0,127.64788211698287,26.35211788301713
2026-05-04,D06,青椒土豆丝,午餐,周一,否,126.0,123.06425569465442,2.9357443053455796
2026-05-04,D06,青椒土豆丝,晚餐,周一,否,119.0,114.00838507422657,4.991614925773433
2026-05-04,D07,香菇青菜,午餐,周一,否,94.0,92.08070185122212,1.9192981487778837
2026-05-04,D07,香菇青菜,晚餐,周一,是,94.0,91.31039854099684,2.689601459003157
2026-05-04,D08,水煮鸡片,午餐,周一,否,128.0,125.27822538340138,2.7217746165986227
2026-05-04,D08,水煮鸡片,晚餐,周一,是,111.0,99.76931279446266,11.230687205537336
2026-05-04,D09,糖醋里脊,午餐,周一,否,107.0,102.19620953463279,4.803790465367214
2026-05-04,D09,糖醋里脊,晚餐,周一,否,104.0,91.68578977066448,12.314210229335515
2026-05-04,D10,西红柿牛腩,午餐,周一,是,107.0,92.94189336854508,14.058106631454919
2026-05-04,D10,西红柿牛腩,晚餐,周一,否,90.0,89.17170303732098,0.8282969626790191
2026-05-05,D01,宫保鸡丁,午餐,周二,否,141.0,135.39521715643514,5.604782843564863
2026-05-05,D01,宫保鸡丁,晚餐,周二,否,128.0,124.28807181463107,3.711928185368933
2026-05-05,D02,红烧肉,午餐,周二,否,114.0,113.85402721342625,0.14597278657375057
2026-05-05,D02,红烧肉,晚餐,周二,是,92.0,91.76872424342353,0.2312757565764656
2026-05-05,D03,鱼香肉丝,午餐,周二,是,152.0,129.75836232439332,22.241637675606682
2026-05-05,D03,鱼香肉丝,晚餐,周二,否,120.0,119.1183531681175,0.8816468318825059
2026-05-05,D04,麻婆豆腐,午餐,周二,否,137.0,127.88417561049543,9.115824389504567
2026-05-05,D04,麻婆豆腐,晚餐,周二,否,116.0,119.42961820663315,-3.429618206633151
2026-05-05,D05,番茄炒蛋,午餐,周二,否,160.0,136.5194772277721,23.480522772227914
2026-05-05,D05,番茄炒蛋,晚餐,周二,是,144.0,127.0992052954597,16.900794704540303
2026-05-05,D06,青椒土豆丝,午餐,周二,否,126.0,122.41261374915167,3.5873862508483256
2026-05-05,D06,青椒土豆丝,晚餐,周二,是,113.0,102.95739250799964,10.042607492000357
2026-05-05,D07,香菇青菜,午餐,周二,否,103.0,94.8526230915308,8.147376908469198
2026-05-05,D07,香菇青菜,晚餐,周二,否,82.0,89.76028049933701,-7.760280499337014
2026-05-05,D08,水煮鸡片,午餐,周二,否,132.0,122.07480827848431,9.925191721515688
2026-05-05,D08,水煮鸡片,晚餐,周二,是,103.0,95.30516875811607,7.694831241883932
2026-05-05,D09,糖醋里脊,午餐,周二,否,108.0,100.33621250132427,7.663787498675731
2026-05-05,D09,糖醋里脊,晚餐,周二,否,98.0,92.13517218489685,5.864827815103155
2026-05-05,D10,西红柿牛腩,午餐,周二,是,98.0,95.0909663340908,2.909033665909206
2026-05-05,D10,西红柿牛腩,晚餐,周二,是,85.0,91.08313935285521,-6.083139352855213
2026-05-06,D01,宫保鸡丁,午餐,周三,否,161.0,136.24474346657072,24.755256533429275
2026-05-06,D01,宫保鸡丁,晚餐,周三,否,143.0,127.1117716991745,15.888228300825503
2026-05-06,D02,红烧肉,午餐,周三,否,116.0,121.25365034659852,-5.253650346598519
2026-05-06,D02,红烧肉,晚餐,周三,否,103.0,89.89281093023413,13.107189069765866
2026-05-06,D03,鱼香肉丝,午餐,周三,否,145.0,133.84783594725775,11.15216405274225
2026-05-06,D03,鱼香肉丝,晚餐,周三,是,134.0,117.75620925723808,16.243790742761917
2026-05-06,D04,麻婆豆腐,午餐,周三,否,139.0,129.3602094172379,9.639790582762089
2026-05-06,D04,麻婆豆腐,晚餐,周三,是,123.0,119.08012368330374,3.9198763166962607
2026-05-06,D05,番茄炒蛋,午餐,周三,否,167.0,138.80079337863089,28.199206621369115
2026-05-06,D05,番茄炒蛋,晚餐,周三,是,152.0,131.80010230982145,20.199897690178545
2026-05-06,D06,青椒土豆丝,午餐,周三,否,134.0,126.11060601382337,7.8893939861766285
2026-05-06,D06,青椒土豆丝,晚餐,周三,是,125.0,107.65130814025893,17.348691859741066
2026-05-06,D07,香菇青菜,午餐,周三,否,98.0,104.383879053449,-6.383879053448993
2026-05-06,D07,香菇青菜,晚餐,周三,是,85.0,87.73294452122414,-2.732944521224141
2026-05-06,D08,水煮鸡片,午餐,周三,否,132.0,125.1455657721377,6.854434227862299
2026-05-06,D08,水煮鸡片,晚餐,周三,否,110.0,97.99256426440482,12.00743573559518
2026-05-06,D09,糖醋里脊,午餐,周三,否,117.0,107.60403117159842,9.395968828401578
2026-05-06,D09,糖醋里脊,晚餐,周三,否,99.0,90.4398035675256,8.560196432474399
2026-05-06,D10,西红柿牛腩,午餐,周三,是,106.0,93.8990936453005,12.100906354699504
2026-05-06,D10,西红柿牛腩,晚餐,周三,否,89.0,87.53697814775832,1.4630218522416811
2026-05-07,D01,宫保鸡丁,午餐,周四,否,155.0,110.87293195427695,44.12706804572305
2026-05-07,D01,宫保鸡丁,晚餐,周四,是,135.0,95.46961467663995,39.53038532336005
2026-05-07,D02,红烧肉,午餐,周四,否,113.0,92.60624063885946,20.39375936114054
2026-05-07,D02,红烧肉,晚餐,周四,是,93.0,90.32124619395924,2.67875380604076
2026-05-07,D03,鱼香肉丝,午餐,周四,否,143.0,97.90913445722575,45.09086554277425
2026-05-07,D03,鱼香肉丝,晚餐,周四,是,115.0,94.21951328232419,20.780486717675814
2026-05-07,D04,麻婆豆腐,午餐,周四,是,136.0,97.18711086917213,38.81288913082787
2026-05-07,D04,麻婆豆腐,晚餐,周四,否,106.0,93.57451667012873,12.42548332987127
2026-05-07,D05,番茄炒蛋,午餐,周四,是,166.0,103.3684512165952,62.631548783404796
2026-05-07,D05,番茄炒蛋,晚餐,周四,否,129.0,100.92139230759754,28.078607692402457
2026-05-07,D06,青椒土豆丝,午餐,周四,是,126.0,96.59732963221656,29.402670367783443
2026-05-07,D06,青椒土豆丝,晚餐,周四,是,106.0,93.57451667012873,12.42548332987127
2026-05-07,D07,香菇青菜,午餐,周四,是,110.0,89.91597749603449,20.084022503965514
2026-05-07,D07,香菇青菜,晚餐,周四,是,79.0,86.28561914788924,-7.285619147889236
2026-05-07,D08,水煮鸡片,午餐,周四,否,129.0,95.46961467663995,33.53038532336005
2026-05-07,D08,水煮鸡片,晚餐,周四,否,101.0,91.39529238359256,9.604707616407438
2026-05-07,D09,糖醋里脊,午餐,周四,是,114.0,92.18938981266655,21.810610187333452
2026-05-07,D09,糖醋里脊,晚餐,周四,是,85.0,90.15432073859448,-5.154320738594478
2026-05-07,D10,西红柿牛腩,午餐,周四,否,105.0,90.94452634046085,14.055473659539146
2026-05-07,D10,西红柿牛腩,晚餐,周四,否,85.0,86.76115791513774,-1.7611579151377441
2026-05-08,D01,宫保鸡丁,午餐,周五,否,126.0,100.98666508218339,25.013334917816607
2026-05-08,D01,宫保鸡丁,晚餐,周五,否,98.0,95.5348874512258,2.4651125487742007
2026-05-08,D02,红烧肉,午餐,周五,否,89.0,93.22007255591097,-4.220072555910974
2026-05-08,D02,红烧肉,晚餐,周五,否,68.0,89.90716735198984,-21.90716735198984
2026-05-08,D03,鱼香肉丝,午餐,周五,是,122.0,98.21841388320547,23.78158611679453
2026-05-08,D03,鱼香肉丝,晚餐,周五,否,90.0,93.63978944471458,-3.63978944471458
2026-05-08,D04,麻婆豆腐,午餐,周五,是,114.0,95.5348874512258,18.4651125487742
2026-05-08,D04,麻婆豆腐,晚餐,周五,是,95.0,93.17567769116559,1.824322308834411
2026-05-08,D05,番茄炒蛋,午餐,周五,否,137.0,109.41959184008685,27.580408159913148
2026-05-08,D05,番茄炒蛋,晚餐,周五,是,111.0,96.50091769067329,14.49908230932671
2026-05-08,D06,青椒土豆丝,午餐,周五,否,101.0,96.26161244600083,4.738387553999175
2026-05-08,D06,青椒土豆丝,晚餐,周五,是,91.0,93.17567769116559,-2.175677691165589
2026-05-08,D07,香菇青菜,午餐,周五,是,87.0,91.05419397979209,-4.054193979792089
2026-05-08,D07,香菇青菜,晚餐,周五,否,63.0,86.22057769023634,-23.22057769023634
2026-05-08,D08,水煮鸡片,午餐,周五,是,100.0,95.31803009076732,4.681969909232677
2026-05-08,D08,水煮鸡片,晚餐,周五,否,82.0,91.41617029343303,-9.416170293433026
2026-05-08,D09,糖醋里脊,午餐,周五,否,86.0,93.22007255591097,-7.220072555910974
2026-05-08,D09,糖醋里脊,晚餐,周五,是,76.0,89.38035345739875,-13.380353457398755
2026-05-08,D10,西红柿牛腩,午餐,周五,否,84.0,91.0097991150467,-7.009799115046704
2026-05-08,D10,西红柿牛腩,晚餐,周五,是,62.0,86.54740756104644,-24.54740756104644
2026-05-11,D01,宫保鸡丁,午餐,周一,否,157.0,138.65719515649016,18.34280484350984
2026-05-11,D01,宫保鸡丁,晚餐,周一,否,125.0,130.77829666392083,-5.778296663920827
2026-05-11,D02,红烧肉,午餐,周一,否,115.0,99.07110983588213,15.928890164117874
2026-05-11,D02,红烧肉,晚餐,周一,否,100.0,92.08106711797367,7.918932882026326
2026-05-11,D03,鱼香肉丝,午餐,周一,否,136.0,133.02126148311785,2.978738516882146
2026-05-11,D03,鱼香肉丝,晚餐,周一,否,124.0,120.75721661546444,3.2427833845355565
2026-05-11,D04,麻婆豆腐,午餐,周一,否,142.0,128.96442819381426,13.035571806185743
2026-05-11,D04,麻婆豆腐,晚餐,周一,是,125.0,119.28020847901584,5.71979152098416
2026-05-11,D05,番茄炒蛋,午餐,周一,否,162.0,145.69554015379637,16.304459846203628
2026-05-11,D05,番茄炒蛋,晚餐,周一,否,142.0,136.6909369155131,5.309063084486894
2026-05-11,D06,青椒土豆丝,午餐,周一,否,135.0,120.88995247966785,14.110047520332145
2026-05-11,D06,青椒土豆丝,晚餐,周一,否,110.0,116.71406475457604,-6.714064754576043
2026-05-11,D07,香菇青菜,午餐,周一,否,108.0,94.83961037154467,13.160389628455334
2026-05-11,D07,香菇青菜,晚餐,周一,否,81.0,91.79923498533789,-10.79923498533789
2026-05-11,D08,水煮鸡片,午餐,周一,否,138.0,121.80909711867147,16.190902881328526
2026-05-11,D08,水煮鸡片,晚餐,周一,否,107.0,102.85943763098493,4.140562369015072
2026-05-11,D09,糖醋里脊,午餐,周一,是,118.9037533068783,100.02546121274604,18.878292094132263
2026-05-11,D09,糖醋里脊,晚餐,周一,否,86.0,93.9817716540726,-7.9817716540726025
2026-05-11,D10,西红柿牛腩,午餐,周一,否,96.0,98.33609427076705,-2.336094270767049
2026-05-11,D10,西红柿牛腩,晚餐,周一,否,83.0,91.32441325574055,-8.324413255740552
2026-05-12,D01,宫保鸡丁,午餐,周二,是,158.0,135.96100877228,22.038991227720004
2026-05-12,D01,宫保鸡丁,晚餐,周二,否,123.0,121.56382085214142,1.4361791478585815
2026-05-12,D02,红烧肉,午餐,周二,否,114.0,106.94846198785486,7.051538012145144
2026-05-12,D02,红烧肉,晚餐,周二,否,87.0,92.0014831567787,-5.001483156778704
2026-05-12,D03,鱼香肉丝,午餐,周二,否,139.0,134.11832824202395,4.881671757976051
2026-05-12,D03,鱼香肉丝,晚餐,周二,否,111.0,116.076423950123,-5.076423950123001
2026-05-12,D04,麻婆豆腐,午餐,周二,是,142.0,130.683375263283,11.316624736716989
2026-05-12,D04,麻婆豆腐,晚餐,周二,否,115.0,109.52954602198473,5.4704539780152714
2026-05-12,D05,番茄炒蛋,午餐,周二,否,160.0,146.230974871958,13.769025128041989
2026-05-12,D05,番茄炒蛋,晚餐,周二,否,145.0,131.66725339862765,13.33274660137235
2026-05-12,D06,青椒土豆丝,午餐,周二,否,126.0,123.12348242130987,2.8765175786901267
2026-05-12,D06,青椒土豆丝,晚餐,周二,否,108.0,105.15926248954626,2.840737510453735
2026-05-12,D07,香菇青菜,午餐,周二,是,105.0,95.59019078782013,9.409809212179866
2026-05-12,D07,香菇青菜,晚餐,周二,否,76.0,89.12018497133754,-13.120184971337537
2026-05-12,D08,水煮鸡片,午餐,周二,是,127.0,125.88819222486407,1.1118077751359294
2026-05-12,D08,水煮鸡片,晚餐,周二,是,97.0,95.64403629526305,1.3559637047369506
2026-05-12,D09,糖醋里脊,午餐,周二,否,108.0,100.04465109452687,7.95534890547313
2026-05-12,D09,糖醋里脊,晚餐,周二,否,88.0,91.34508536784945,-3.3450853678494497
2026-05-12,D10,西红柿牛腩,午餐,周二,是,93.0,94.24764465175286,-1.2476446517528643
2026-05-12,D10,西红柿牛腩,晚餐,周二,否,72.0,89.12018497133754,-17.120184971337537
2026-05-13,D01,宫保鸡丁,午餐,周三,是,155.0,138.80079337863089,16.199206621369115
2026-05-13,D01,宫保鸡丁,晚餐,周三,否,126.0,128.45281308594184,-2.452813085941841
2026-05-13,D02,红烧肉,午餐,周三,否,117.0,109.62843558925407,7.371564410745933
2026-05-13,D02,红烧肉,晚餐,周三,否,90.0,91.47592066369636,-1.4759206636963569
2026-05-13,D03,鱼香肉丝,午餐,周三,否,137.0,132.39004182962975,4.609958170370248
2026-05-13,D03,鱼香肉丝,晚餐,周三,否,120.0,121.8182863355269,-1.8182863355269063
2026-05-13,D04,麻婆豆腐,午餐,周三,否,129.0,131.72822090431947,-2.728220904319471
2026-05-13,D04,麻婆豆腐,晚餐,周三,否,129.0,119.41782411077571,9.582175889224288
2026-05-13,D05,番茄炒蛋,午餐,周三,是,167.0,146.0405808202503,20.959419179749688
2026-05-13,D05,番茄炒蛋,晚餐,周三,是,140.0,133.38005113873146,6.61994886126854
2026-05-13,D06,青椒土豆丝,午餐,周三,否,127.0,123.3572598513898,3.6427401486102013
2026-05-13,D06,青椒土豆丝,晚餐,周三,是,112.0,117.45413642959606,-5.454136429596062
2026-05-13,D07,香菇青菜,午餐,周三,否,105.0,94.7717595391533,10.228240460846706
2026-05-13,D07,香菇青菜,晚餐,周三,是,88.0,87.82616448458991,0.17383551541009012
2026-05-13,D08,水煮鸡片,午餐,周三,否,124.0,123.3572598513898,0.6427401486102013
2026-05-13,D08,水煮鸡片,晚餐,周三,是,98.0,98.75554092850277,-0.7555409285027679
2026-05-13,D09,糖醋里脊,午餐,周三,是,111.0,109.30115321730695,1.6988467826930531
2026-05-13,D09,糖醋里脊,晚餐,周三,否,94.0,90.05106488110185,3.9489351188981487
2026-05-13,D10,西红柿牛腩,午餐,周三,否,96.0,93.63393314064481,2.366066859355186
2026-05-13,D10,西红柿牛腩,晚餐,周三,是,88.0,89.57624315150451,-1.5762431515045137
2026-05-14,D01,宫保鸡丁,午餐,周四,否,153.0,137.76511473246626,15.234885267533741
2026-05-14,D01,宫保鸡丁,晚餐,周四,是,124.0,113.04634034629831,10.953659653701692
2026-05-14,D02,红烧肉,午餐,周四,是,110.0,104.28462605992125,5.715373940078749
2026-05-14,D02,红烧肉,晚餐,周四,是,91.0,88.83746208157183,2.1625379184281712
2026-05-14,D03,鱼香肉丝,午餐,周四,是,133.0,121.55521234781915,11.44478765218085
2026-05-14,D03,鱼香肉丝,晚餐,周四,是,111.0,104.28462605992125,6.715373940078749
2026-05-14,D04,麻婆豆腐,午餐,周四,否,131.0,114.72458099235104,16.275419007648964
2026-05-14,D04,麻婆豆腐,晚餐,周四,是,115.0,98.368631005896,16.631368994103994
2026-05-14,D05,番茄炒蛋,午餐,周四,是,173.0,138.12825314120255,34.87174685879745
2026-05-14,D05,番茄炒蛋,晚餐,周四,是,128.0,115.81669393837555,12.18330606162445
2026-05-14,D06,青椒土豆丝,午餐,周四,是,121.0,113.64708498586965,7.352915014130346
2026-05-14,D06,青椒土豆丝,晚餐,周四,是,107.0,95.95905325725457,11.040946742745433
2026-05-14,D07,香菇青菜,午餐,周四,是,102.0,96.51502291801435,5.484977081985647
2026-05-14,D07,香菇青菜,晚餐,周四,否,82.0,86.2684658928703,-4.268465892870296
2026-05-14,D08,水煮鸡片,午餐,周四,是,128.0,113.64708498586965,14.352915014130346
2026-05-14,D08,水煮鸡片,晚餐,周四,否,93.0,92.4978230709927,0.5021769290073053
2026-05-14,D09,糖醋里脊,午餐,周四,是,117.0,103.51413581828369,13.485864181716309
2026-05-14,D09,糖醋里脊,晚餐,周四,是,97.0,87.61723918900472,9.38276081099528
2026-05-14,D10,西红柿牛腩,午餐,周四,是,103.0,93.99891938251042,9.001080617489578
2026-05-14,D10,西红柿牛腩,晚餐,周四,是,82.0,86.44082940078123,-4.440829400781226
2026-05-15,D01,宫保鸡丁,午餐,周五,否,127.0,125.16754451402403,1.83245548597597
2026-05-15,D01,宫保鸡丁,晚餐,周五,是,102.0,96.07141727511926,5.928582724880741
2026-05-15,D02,红烧肉,午餐,周五,否,95.0,95.40769373492178,-0.4076937349217786
2026-05-15,D02,红烧肉,晚餐,周五,否,67.0,87.31213266512654,-20.31213266512654
2026-05-15,D03,鱼香肉丝,午餐,周五,否,109.0,113.65867980475055,-4.658679804750548
2026-05-15,D03,鱼香肉丝,晚餐,周五,否,90.0,95.40769373492178,-5.407693734921779
2026-05-15,D04,麻婆豆腐,午餐,周五,否,114.0,107.62092541979031,6.379074580209689
2026-05-15,D04,麻婆豆腐,晚餐,周五,否,89.0,96.07141727511926,-7.071417275119259
2026-05-15,D05,番茄炒蛋,午餐,周五,否,134.0,126.24345217489477,7.75654782510523
2026-05-15,D05,番茄炒蛋,晚餐,周五,否,105.0,104.74735912455844,0.252640875441557
2026-05-15,D06,青椒土豆丝,午餐,周五,否,99.0,96.85245769440017,2.1475423055998277
2026-05-15,D06,青椒土豆丝,晚餐,周五,否,84.0,93.60379147244383,-9.603791472443831
2026-05-15,D07,香菇青菜,午餐,周五,否,82.0,91.8548522792087,-9.8548522792087
2026-05-15,D07,香菇青菜,晚餐,周五,否,63.0,86.50976402706793,-23.50976402706793
2026-05-15,D08,水煮鸡片,午餐,周五,否,104.0,95.94605013684068,8.053949863159318
2026-05-15,D08,水煮鸡片,晚餐,周五,否,83.0,90.36871719673236,-7.368717196732362
2026-05-15,D09,糖醋里脊,午餐,周五,是,95.0,93.67483138814937,1.3251686118506285
2026-05-15,D09,糖醋里脊,晚餐,周五,是,71.0,90.83529768388848,-19.835297683888484
2026-05-15,D10,西红柿牛腩,午餐,周五,否,81.0,90.90671547108371,-9.906715471083714
2026-05-15,D10,西红柿牛腩,晚餐,周五,是,62.0,86.50976402706793,-24.50976402706793
2026-05-18,D01,宫保鸡丁,午餐,周一,否,163.0,152.82578662369738,10.174213376302617
2026-05-18,D01,宫保鸡丁,晚餐,周一,否,119.0,129.07044865081605,-10.070448650816047
2026-05-18,D02,红烧肉,午餐,周一,是,127.0,114.9592516970818,12.040748302918203
2026-05-18,D02,红烧肉,晚餐,周一,是,97.0,92.3192121110937,4.680787888906295
2026-05-18,D03,鱼香肉丝,午餐,周一,否,144.0,136.79280913949802,7.207190860501981
2026-05-18,D03,鱼香肉丝,晚餐,周一,否,120.0,123.92843049366371,-3.9284304936637113
2026-05-18,D04,麻婆豆腐,午餐,周一,否,146.0,138.65206391543248,7.347936084567522
2026-05-18,D04,麻婆豆腐,晚餐,周一,是,124.0,126.932059217897,-2.932059217897006
2026-05-18,D05,番茄炒蛋,午餐,周一,是,175.0,166.94533756852724,8.054662431472764
2026-05-18,D05,番茄炒蛋,晚餐,周一,否,131.0,138.2518999061792,-7.251899906179204
2026-05-18,D06,青椒土豆丝,午餐,周一,否,125.0,131.82916338299452,-6.829163382994523
2026-05-18,D06,青椒土豆丝,晚餐,周一,是,115.0,104.40148404641609,10.598515953583913
2026-05-18,D07,香菇青菜,午餐,周一,是,110.0,104.13544125110893,5.864558748891071
2026-05-18,D07,香菇青菜,晚餐,周一,是,88.0,81.04004133453999,6.959958665460007
2026-05-18,D08,水煮鸡片,午餐,周一,是,134.0,136.07709144180245,-2.0770914418024518
2026-05-18,D08,水煮鸡片,晚餐,周一,是,112.0,99.73734074977123,12.262659250228765
2026-05-18,D09,糖醋里脊,午餐,周一,否,107.0,117.36865693986637,-10.36865693986637
2026-05-18,D09,糖醋里脊,晚餐,周一,否,97.0,85.86508964108627,11.134910358913729
2026-05-18,D10,西红柿牛腩,午餐,周一,否,103.0,98.44003011463842,4.559969885361582
2026-05-18,D10,西红柿牛腩,晚餐,周一,否,81.0,80.9378407017919,0.06215929820810118
2026-05-19,D01,宫保鸡丁,午餐,周二,是,159.0,154.3772404849039,4.6227595150961065
2026-05-19,D01,宫保鸡丁,晚餐,周二,否,128.0,120.74819340916842,7.251806590831578
2026-05-19,D02,红烧肉,午餐,周二,是,113.0,113.404766676169,-0.40476667616900386
2026-05-19,D02,红烧肉,晚餐,周二,否,82.0,85.4277875397912,-3.427787539791197
2026-05-19,D03,鱼香肉丝,午餐,周二,否,141.0,138.58626388148014,2.4137361185198642
2026-05-19,D03,鱼香肉丝,晚餐,周二,是,112.0,111.41893819328038,0.5810618067196174
2026-05-19,D04,麻婆豆腐,午餐,周二,否,132.0,137.79512868725337,-5.795128687253367
2026-05-19,D04,麻婆豆腐,晚餐,周二,否,116.0,109.90938660377815,6.090613396221855
2026-05-19,D05,番茄炒蛋,午餐,周二,否,164.0,159.54501542460565,4.454984575394349
2026-05-19,D05,番茄炒蛋,晚餐,周二,否,129.0,130.04817847199718,-1.0481784719971756
2026-05-19,D06,青椒土豆丝,午餐,周二,否,134.0,120.25613505157848,13.743864948421518
2026-05-19,D06,青椒土豆丝,晚餐,周二,否,94.0,102.86932177287294,-8.869321772872937
2026-05-19,D07,香菇青菜,午餐,周二,否,105.0,104.30241233579495,0.6975876642050451
2026-05-19,D07,香菇青菜,晚餐,周二,否,83.0,79.93570199298404,3.0642980070159638
2026-05-19,D08,水煮鸡片,午餐,周二,否,109.0,125.9258956470215,-16.925895647021505
2026-05-19,D08,水煮鸡片,晚餐,周二,否,96.0,98.78167012462056,-2.781670124620561
2026-05-19,D09,糖醋里脊,午餐,周二,是,109.0,107.71578081951745,1.2842191804825518
2026-05-19,D09,糖醋里脊,晚餐,周二,是,91.0,86.97480995963578,4.0251900403642225
2026-05-19,D10,西红柿牛腩,午餐,周二,否,99.0,100.67458247058258,-1.6745824705825783
2026-05-19,D10,西红柿牛腩,晚餐,周二,是,82.0,77.56562993617916,4.434370063820836
2026-05-20,D01,宫保鸡丁,午餐,周三,是,139.0,155.35400061432625,-16.354000614326253
2026-05-20,D01,宫保鸡丁,晚餐,周三,否,111.0,124.2154942327714,-13.215494232771405
2026-05-20,D02,红烧肉,午餐,周三,否,100.0,114.73903142844485,-14.739031428444846
2026-05-20,D02,红烧肉,晚餐,周三,是,78.0,86.40821600461703,-8.408216004617032
2026-05-20,D03,鱼香肉丝,午餐,周三,否,117.0,140.42082470368425,-23.420824703684247
2026-05-20,D03,鱼香肉丝,晚餐,周三,否,108.0,115.62864806129994,-7.628648061299941
2026-05-20,D04,麻婆豆腐,午餐,周三,否,116.0,136.015014030281,-20.01501403028101
2026-05-20,D04,麻婆豆腐,晚餐,周三,否,105.0,121.21888107631827,-16.21888107631827
2026-05-20,D05,番茄炒蛋,午餐,周三,是,142.0,167.6302290320316,-25.630229032031593
2026-05-20,D05,番茄炒蛋,晚餐,周三,否,125.0,132.0553171490277,-7.055317149027701
2026-05-20,D06,青椒土豆丝,午餐,周三,否,110.0,127.96065732318559,-17.960657323185586
2026-05-20,D06,青椒土豆丝,晚餐,周三,否,96.0,106.45780917660429,-10.457809176604286
2026-05-20,D07,香菇青菜,午餐,周三,否,91.0,104.82916965313656,-13.82916965313656
2026-05-20,D07,香菇青菜,晚餐,周三,否,66.0,81.6777883245267,-15.677788324526702
2026-05-20,D08,水煮鸡片,午餐,周三,否,100.0,123.3351399187694,-23.3351399187694
2026-05-20,D08,水煮鸡片,晚餐,周三,否,92.0,98.24269171724775,-6.242691717247752
2026-05-20,D09,糖醋里脊,午餐,周三,否,88.0,110.45865991679342,-22.458659916793422
2026-05-20,D09,糖醋里脊,晚餐,周三,否,82.0,91.92582936159043,-9.92582936159043
2026-05-20,D10,西红柿牛腩,午餐,周三,否,81.0,100.10784891641306,-19.10784891641306
2026-05-20,D10,西红柿牛腩,晚餐,周三,否,74.0,81.45607981678614,-7.4560798167861435
2026-05-21,D01,宫保鸡丁,午餐,周四,否,151.0,149.81395074556684,1.1860492544331578
2026-05-21,D01,宫保鸡丁,晚餐,周四,是,136.0,120.89015861329815,15.109841386701845
2026-05-21,D02,红烧肉,午餐,周四,否,115.0,111.38860990627998,3.6113900937200185
2026-05-21,D02,红烧肉,晚餐,周四,是,96.0,90.47141100980053,5.5285889901994665
2026-05-21,D03,鱼香肉丝,午餐,周四,否,138.0,129.11988068422153,8.880119315778472
2026-05-21,D03,鱼香肉丝,晚餐,周四,否,120.0,113.13730440213067,6.862695597869333
2026-05-21,D04,麻婆豆腐,午餐,周四,否,118.0,127.97145264490827,-9.971452644908268
2026-05-21,D04,麻婆豆腐,晚餐,周四,否,113.0,113.60157552676216,-0.6015755267621614
2026-05-21,D05,番茄炒蛋,午餐,周四,否,158.0,164.32515751804144,-6.325157518041436
2026-05-21,D05,番茄炒蛋,晚餐,周四,否,131.0,124.65582768175811,6.344172318241888
2026-05-21,D06,青椒土豆丝,午餐,周四,是,129.0,116.86516420405749,12.134835795942507
2026-05-21,D06,青椒土豆丝,晚餐,周四,否,102.0,103.27960365935985,-1.27960365935985
2026-05-21,D07,香菇青菜,午餐,周四,否,95.0,101.77679740219078,-6.77679740219078
2026-05-21,D07,香菇青菜,晚餐,周四,否,79.0,82.04082448059776,-3.040824480597763
2026-05-21,D08,水煮鸡片,午餐,周四,否,127.0,120.72321455847691,6.276785441523089
2026-05-21,D08,水煮鸡片,晚餐,周四,否,96.0,99.82418190646746,-3.8241819064674587
2026-05-21,D09,糖醋里脊,午餐,周四,否,103.0,107.25706603719941,-4.257066037199408
2026-05-21,D09,糖醋里脊,晚餐,周四,是,88.0,93.72703194120191,-5.727031941201915
2026-05-21,D10,西红柿牛腩,午餐,周四,否,96.0,99.72590963196056,-3.725909631960562
2026-05-21,D10,西红柿牛腩,晚餐,周四,否,83.0,81.7844431909794,1.2155568090205975
2026-05-22,D01,宫保鸡丁,午餐,周五,是,133.0,152.58950680781547,-19.589506807815468
2026-05-22,D01,宫保鸡丁,晚餐,周五,否,107.0,117.95822249111727,-10.958222491117269
2026-05-22,D02,红烧肉,午餐,周五,否,92.0,104.90968731762301,-12.90968731762301
2026-05-22,D02,红烧肉,晚餐,周五,是,77.0,82.94939518720014,-5.949395187200139
2026-05-22,D03,鱼香肉丝,午餐,周五,否,124.0,128.48914680863504,-4.4891468086350415
2026-05-22,D03,鱼香肉丝,晚餐,周五,否,104.0,111.07260856096325,-7.072608560963246
2026-05-22,D04,麻婆豆腐,午餐,周五,是,129.0,118.87316038807089,10.126839611929114
2026-05-22,D04,麻婆豆腐,晚餐,周五,是,106.0,104.96405695605176,1.0359430439482367
2026-05-22,D05,番茄炒蛋,午餐,周五,否,136.0,155.60623219471358,-19.606232194713584
2026-05-22,D05,番茄炒蛋,晚餐,周五,否,116.0,123.59900999050404,-7.599009990504044
2026-05-22,D06,青椒土豆丝,午餐,周五,是,120.0,117.89110649624062,2.1088935037593757
2026-05-22,D06,青椒土豆丝,晚餐,周五,是,97.0,94.09369561934241,2.9063043806575877
2026-05-22,D07,香菇青菜,午餐,周五,否,91.0,93.91016918083956,-2.91016918083956
2026-05-22,D07,香菇青菜,晚餐,周五,否,67.0,77.08108063295924,-10.081080632959242
2026-05-22,D08,水煮鸡片,午餐,周五,是,111.0,115.96357891643032,-4.963578916430322
2026-05-22,D08,水煮鸡片,晚餐,周五,是,87.0,93.21669652413077,-6.216696524130768
2026-05-22,D09,糖醋里脊,午餐,周五,是,96.0,100.63486280845892,-4.634862808458919
2026-05-22,D09,糖醋里脊,晚餐,周五,是,73.0,82.14117526888495,-9.14117526888495
2026-05-22,D10,西红柿牛腩,午餐,周五,否,79.0,88.8224912202777,-9.822491220277698
2026-05-22,D10,西红柿牛腩,晚餐,周五,否,68.0,77.14257966645856,-9.142579666458559
2026-05-25,D01,宫保鸡丁,午餐,周一,否,167.0,152.93690244740552,14.063097552594485
2026-05-25,D01,宫保鸡丁,晚餐,周一,否,129.0,120.12217546975798,8.877824530242023
2026-05-25,D02,红烧肉,午餐,周一,否,112.0,117.87992894089784,-5.879928940897841
2026-05-25,D02,红烧肉,晚餐,周一,是,95.0,93.54062095079836,1.4593790492016439
2026-05-25,D03,鱼香肉丝,午餐,周一,否,149.0,135.34689295477557,13.65310704522443
2026-05-25,D03,鱼香肉丝,晚餐,周一,是,134.0,117.84168397348728,16.158316026512722
2026-05-25,D04,麻婆豆腐,午餐,周一,否,146.0,133.6616096451488,12.338390354851214
2026-05-25,D04,麻婆豆腐,晚餐,周一,是,126.0,122.58724306365806,3.4127569363419354
2026-05-25,D05,番茄炒蛋,午餐,周一,是,166.0,156.53370576646478,9.466294233535223
2026-05-25,D05,番茄炒蛋,晚餐,周一,否,147.0,128.50257700164784,18.497422998352164
2026-05-25,D06,青椒土豆丝,午餐,周一,否,130.0,125.842876739428,4.157123260572007
2026-05-25,D06,青椒土豆丝,晚餐,周一,是,112.0,109.1746857089846,2.8253142910154025
2026-05-25,D07,香菇青菜,午餐,周一,否,107.0,101.75289554413328,5.247104455866719
2026-05-25,D07,香菇青菜,晚餐,周一,是,96.0,84.30647274162894,11.693527258371063
2026-05-25,D08,水煮鸡片,午餐,周一,是,133.0,127.94333146135516,5.056668538644843
2026-05-25,D08,水煮鸡片,晚餐,周一,是,113.0,105.66793083472263,7.332069165277375
2026-05-25,D09,糖醋里脊,午餐,周一,否,114.0,105.85595054335893,8.14404945664107
2026-05-25,D09,糖醋里脊,晚餐,周一,是,97.0,93.23224542879416,3.767754571205842
2026-05-25,D10,西红柿牛腩,午餐,周一,否,97.0,95.16160124980388,1.83839875019612
2026-05-25,D10,西红柿牛腩,晚餐,周一,是,85.0,82.63601793588657,2.3639820641134293
2026-05-26,D01,宫保鸡丁,午餐,周二,否,149.0,165.42761377107513,-16.42761377107513
2026-05-26,D01,宫保鸡丁,晚餐,周二,是,135.0,127.95080114490833,7.049198855091674
2026-05-26,D02,红烧肉,午餐,周二,否,112.0,115.31105206718865,-3.3110520671886547
2026-05-26,D02,红烧肉,晚餐,周二,是,91.0,90.08668680388847,0.9133131961115311
2026-05-26,D03,鱼香肉丝,午餐,周二,否,135.0,148.27190388921878,-13.271903889218777
2026-05-26,D03,鱼香肉丝,晚餐,周二,是,124.0,123.87733180593544,0.12266819406455909
2026-05-26,D04,麻婆豆腐,午餐,周二,否,130.0,145.21018544241798,-15.21018544241798
2026-05-26,D04,麻婆豆腐,晚餐,周二,否,120.0,119.41396399909578,0.5860360009042154
2026-05-26,D05,番茄炒蛋,午餐,周二,是,172.0,170.17065348610822,1.8293465138917782
2026-05-26,D05,番茄炒蛋,晚餐,周二,否,144.0,143.80679587739147,0.1932041226085346
2026-05-26,D06,青椒土豆丝,午餐,周二,否,116.0,133.59643937793135,-17.596439377931347
2026-05-26,D06,青椒土豆丝,晚餐,周二,是,118.0,105.71257468085382,12.28742531914618
2026-05-26,D07,香菇青菜,午餐,周二,否,100.0,108.18260312270282,-8.182603122702815
2026-05-26,D07,香菇青菜,晚餐,周二,否,83.0,86.95585140045532,-3.955851400455316
2026-05-26,D08,水煮鸡片,午餐,周二,否,126.0,126.73552989233067,-0.7355298923306748
2026-05-26,D08,水煮鸡片,晚餐,周二,否,96.0,104.59029497189233,-8.590294971892334
2026-05-26,D09,糖醋里脊,午餐,周二,否,113.0,112.21880734811413,0.7811926518858741
2026-05-26,D09,糖醋里脊,晚餐,周二,是,92.0,93.58579238435217,-1.5857923843521746
2026-05-26,D10,西红柿牛腩,午餐,周二,否,100.0,98.40370825642776,1.5962917435722375
2026-05-26,D10,西红柿牛腩,晚餐,周二,是,80.0,82.85973983285112,-2.859739832851119
2026-05-27,D01,宫保鸡丁,午餐,周三,否,150.0,159.2170830399396,-9.21708303993961
2026-05-27,D01,宫保鸡丁,晚餐,周三,否,131.0,123.86075927374696,7.1392407262530355
2026-05-27,D02,红烧肉,午餐,周三,是,122.0,108.36604651141953,13.633953488580474
2026-05-27,D02,红烧肉,晚餐,周三,是,92.0,87.23530311573496,4.764696884265035
2026-05-27,D03,鱼香肉丝,午餐,周三,是,138.0,133.89029171766114,4.1097082823388575
2026-05-27,D03,鱼香肉丝,晚餐,周三,否,101.0,119.31881713039665,-18.318817130396653
2026-05-27,D04,麻婆豆腐,午餐,周三,是,147.0,131.8730492954919,15.12695070450809
2026-05-27,D04,麻婆豆腐,晚餐,周三,否,126.0,118.42019875304523,7.579801246954773
2026-05-27,D05,番茄炒蛋,午餐,周三,否,158.0,163.93790795331188,-5.937907953311878
2026-05-27,D05,番茄炒蛋,晚餐,周三,否,135.0,143.06286608746635,-8.062866087466347
2026-05-27,D06,青椒土豆丝,午餐,周三,否,132.0,118.32707370370765,13.672926296292346
2026-05-27,D06,青椒土豆丝,晚餐,周三,是,114.0,107.57531890937531,6.424681090624688
2026-05-27,D07,香菇青菜,午餐,周三,否,103.0,102.12131421770695,0.8786857822930472
2026-05-27,D07,香菇青菜,晚餐,周三,否,78.0,81.29509749109086,-3.295097491090857
2026-05-27,D08,水煮鸡片,午餐,周三,是,144.0,121.5420289010467,22.457971098953294
2026-05-27,D08,水煮鸡片,晚餐,周三,否,106.0,100.96478468800309,5.035215311996907
2026-05-27,D09,糖醋里脊,午餐,周三,否,118.0,107.56413732438232,10.435862675617685
2026-05-27,D09,糖醋里脊,晚餐,周三,是,98.0,88.63313314590285,9.366866854097154
2026-05-27,D10,西红柿牛腩,午餐,周三,是,105.0,93.27197029377697,11.728029706223026
2026-05-27,D10,西红柿牛腩,晚餐,周三,否,84.0,80.94401584739201,3.0559841526079907
2026-05-28,D01,宫保鸡丁,午餐,周四,否,143.0,151.07047331492205,-8.070473314922054
2026-05-28,D01,宫保鸡丁,晚餐,周四,是,129.0,130.32269290740626,-1.3226929074062639
2026-05-28,D02,红烧肉,午餐,周四,否,102.0,111.57522078877385,-9.575220788773848
2026-05-28,D02,红烧肉,晚餐,周四,否,88.0,94.64383978829746,-6.643839788297456
2026-05-28,D03,鱼香肉丝,午餐,周四,否,126.0,132.37014604623027,-6.370146046230275
2026-05-28,D03,鱼香肉丝,晚餐,周四,否,118.0,114.82086749146058,3.179132508539425
2026-05-28,D04,麻婆豆腐,午餐,周四,否,129.0,132.11967897350024,-3.1196789735002426
2026-05-28,D04,麻婆豆腐,晚餐,周四,是,110.0,113.73061299249979,-3.730612992499786
2026-05-28,D05,番茄炒蛋,午餐,周四,是,155.0,160.248983954265,-5.248983954264986
2026-05-28,D05,番茄炒蛋,晚餐,周四,否,123.0,131.1288205095713,-8.128820509571312
2026-05-28,D06,青椒土豆丝,午餐,周四,否,125.0,124.9066129892421,0.09338701075789402
2026-05-28,D06,青椒土豆丝,晚餐,周四,否,95.0,105.57910544629328,-10.579105446293283
2026-05-28,D07,香菇青菜,午餐,周四,否,91.0,102.06590332212481,-11.06590332212481
2026-05-28,D07,香菇青菜,晚餐,周四,否,76.0,78.93538411716666,-2.935384117166663
2026-05-28,D08,水煮鸡片,午餐,周四,是,124.0,133.34145151214528,-9.341451512145284
2026-05-28,D08,水煮鸡片,晚餐,周四,否,100.0,102.00320625678124,-2.0032062567812403
2026-05-28,D09,糖醋里脊,午餐,周四,否,102.0,108.17533930501823,-6.175339305018227
2026-05-28,D09,糖醋里脊,晚餐,周四,否,87.0,94.31627251615963,-7.3162725161596285
2026-05-28,D10,西红柿牛腩,午餐,周四,否,92.0,100.3599962538532,-8.359996253853197
2026-05-28,D10,西红柿牛腩,晚餐,周四,是,80.0,80.59899007486678,-0.5989900748667765
2026-05-29,D01,宫保鸡丁,午餐,周五,是,146.0,140.13888171550855,5.861118284491454
2026-05-29,D01,宫保鸡丁,晚餐,周五,是,111.0,117.12907847746507,-6.129078477465072
2026-05-29,D02,红烧肉,午餐,周五,是,95.0,97.72446434390616,-2.7244643439061633
2026-05-29,D02,红烧肉,晚餐,周五,否,65.0,80.06050892490357,-15.060508924903573
2026-05-29,D03,鱼香肉丝,午餐,周五,否,126.0,121.8422539806013,4.157746019398701
2026-05-29,D03,鱼香肉丝,晚餐,周五,是,103.0,101.3090564427121,1.6909435572878948
2026-05-29,D04,麻婆豆腐,午餐,周五,否,116.0,122.81754344963527,-6.8175434496352665
2026-05-29,D04,麻婆豆腐,晚餐,周五,是,105.0,103.85737970867706,1.1426202913229417
2026-05-29,D05,番茄炒蛋,午餐,周五,否,132.0,146.80710994728824,-14.80710994728824
2026-05-29,D05,番茄炒蛋,晚餐,周五,否,116.0,117.57603409987779,-1.5760340998777878
2026-05-29,D06,青椒土豆丝,午餐,周五,是,112.0,112.48874911507531,-0.4887491150753078
2026-05-29,D06,青椒土豆丝,晚餐,周五,否,89.0,95.02273592041547,-6.022735920415471
2026-05-29,D07,香菇青菜,午餐,周五,是,93.0,91.34796535896086,1.6520346410391369
2026-05-29,D07,香菇青菜,晚餐,周五,否,64.0,74.32700373671686,-10.327003736716861
2026-05-29,D08,水煮鸡片,午餐,周五,是,116.0,116.42918436646595,-0.4291843664659467
2026-05-29,D08,水煮鸡片,晚餐,周五,否,84.0,89.58957369005576,-5.589573690055758
2026-05-29,D09,糖醋里脊,午餐,周五,是,98.0,97.97257411445766,0.0274258855423426
2026-05-29,D09,糖醋里脊,晚餐,周五,是,72.0,79.79706136277177,-7.797061362771771
2026-05-29,D10,西红柿牛腩,午餐,周五,否,83.0,86.61095711815649,-3.6109571181564917
2026-05-29,D10,西红柿牛腩,晚餐,周五,否,68.0,74.43471104576486,-6.434711045764857
2026-06-01,D01,宫保鸡丁,午餐,周一,是,165.0,159.57193791878277,5.428062081217234
2026-06-01,D01,宫保鸡丁,晚餐,周一,否,119.0,129.6122815215026,-10.61228152150261
2026-06-01,D02,红烧肉,午餐,周一,否,120.0,113.32219262171142,6.677807378288577
2026-06-01,D02,红烧肉,晚餐,周一,否,89.0,94.35577488072532,-5.3557748807253205
2026-06-01,D03,鱼香肉丝,午餐,周一,否,137.0,143.08576861498463,-6.08576861498463
2026-06-01,D03,鱼香肉丝,晚餐,周一,否,129.0,128.66014374858645,0.3398562514135506
2026-06-01,D04,麻婆豆腐,午餐,周一,否,140.0,140.62279923837866,-0.6227992383786614
2026-06-01,D04,麻婆豆腐,晚餐,周一,是,125.0,125.71625160829586,-0.7162516082958632
2026-06-01,D05,番茄炒蛋,午餐,周一,是,169.0,160.3275935832537,8.672406416746298
2026-06-01,D05,番茄炒蛋,晚餐,周一,是,147.0,138.61249953305546,8.387500466944545
2026-06-01,D06,青椒土豆丝,午餐,周一,是,139.0,130.21849577053123,8.781504229468766
2026-06-01,D06,青椒土豆丝,晚餐,周一,否,111.0,110.1843010342604,0.8156989657395997
2026-06-01,D07,香菇青菜,午餐,周一,否,108.0,106.78708009522275,1.2129199047772516
2026-06-01,D07,香菇青菜,晚餐,周一,否,85.0,93.78582186993934,-8.78582186993934
2026-06-01,D08,水煮鸡片,午餐,周一,是,134.0,132.49520067973032,1.504799320269683
2026-06-01,D08,水煮鸡片,晚餐,周一,是,109.0,111.3493784004092,-2.3493784004091935
2026-06-01,D09,糖醋里脊,午餐,周一,否,112.0,114.14845265217964,-2.1484526521796425
2026-06-01,D09,糖醋里脊,晚餐,周一,否,93.0,94.35577488072532,-1.3557748807253205
2026-06-01,D10,西红柿牛腩,午餐,周一,否,97.0,100.57525225086464,-3.5752522508646365
2026-06-01,D10,西红柿牛腩,晚餐,周一,是,91.0,87.68978933157895,3.3102106684210497
2026-06-02,D01,宫保鸡丁,午餐,周二,否,153.0,149.74550999064425,3.2544900093557487
2026-06-02,D01,宫保鸡丁,晚餐,周二,否,126.0,125.91906116606556,0.08093883393443946
2026-06-02,D02,红烧肉,午餐,周二,否,112.0,109.90657470986402,2.0934252901359827
2026-06-02,D02,红烧肉,晚餐,周二,否,88.0,90.99886037870913,-2.998860378709125
2026-06-02,D03,鱼香肉丝,午餐,周二,否,131.0,130.22092661134198,0.7790733886580199
2026-06-02,D03,鱼香肉丝,晚餐,周二,是,122.0,120.11215258196673,1.8878474180332745
2026-06-02,D04,麻婆豆腐,午餐,周二,否,130.0,130.06111571192815,-0.061115711928152905
2026-06-02,D04,麻婆豆腐,晚餐,周二,否,106.0,116.94069535094647,-10.94069535094647
2026-06-02,D05,番茄炒蛋,午餐,周二,是,162.0,161.0514439952669,0.9485560047330921
2026-06-02,D05,番茄炒蛋,晚餐,周二,否,130.0,136.98873344418058,-6.988733444180582
2026-06-02,D06,青椒土豆丝,午餐,周二,否,132.0,121.98639664929038,10.013603350709616
2026-06-02,D06,青椒土豆丝,晚餐,周二,是,107.0,108.34818387724476,-1.3481838772447645
2026-06-02,D07,香菇青菜,午餐,周二,否,94.0,101.15098542475903,-7.150985424759028
2026-06-02,D07,香菇青菜,晚餐,周二,否,84.0,83.76122465197768,0.23877534802231537
2026-06-02,D08,水煮鸡片,午餐,周二,是,133.0,123.54191188957824,9.458088110421755
2026-06-02,D08,水煮鸡片,晚餐,周二,否,96.0,99.74507238236342,-3.7450723823634178
2026-06-02,D09,糖醋里脊,午餐,周二,是,119.0,108.88382094967527,10.116179050324732
2026-06-02,D09,糖醋里脊,晚餐,周二,否,90.0,91.4420944592018,-1.4420944592017975
2026-06-02,D10,西红柿牛腩,午餐,周二,是,93.0,97.79713262046218,-4.797132620462179
2026-06-02,D10,西红柿牛腩,晚餐,周二,是,79.0,85.38890229933699,-6.388902299336991
2026-06-03,D01,宫保鸡丁,午餐,周三,是,168.0,149.78747960355173,18.21252039644827
2026-06-03,D01,宫保鸡丁,晚餐,周三,否,127.0,124.25609556258867,2.743904437411331
2026-06-03,D02,红烧肉,午餐,周三,是,117.0,115.23924277025726,1.7607572297427367
2026-06-03,D02,红烧肉,晚餐,周三,否,77.0,89.65105117698485,-12.65105117698485
2026-06-03,D03,鱼香肉丝,午餐,周三,是,139.0,130.1706247319799,8.829375268020101
2026-06-03,D03,鱼香肉丝,晚餐,周三,否,120.0,112.44088220672052,7.5591177932794835
2026-06-03,D04,麻婆豆腐,午餐,周三,是,137.0,134.12677597490026,2.873224025099745
2026-06-03,D04,麻婆豆腐,晚餐,周三,否,113.0,120.19656808619362,-7.196568086193622
2026-06-03,D05,番茄炒蛋,午餐,周三,否,152.0,155.2367888666947,-3.2367888666946953
2026-06-03,D05,番茄炒蛋,晚餐,周三,是,139.0,127.70822331326245,11.291776686737549
2026-06-03,D06,青椒土豆丝,午餐,周三,是,138.0,126.76646960092226,11.233530399077736
2026-06-03,D06,青椒土豆丝,晚餐,周三,否,114.0,106.05874734198254,7.941252658017461
2026-06-03,D07,香菇青菜,午餐,周三,否,98.0,98.4639655685473,-0.46396556854729454
2026-06-03,D07,香菇青菜,晚餐,周三,否,82.0,82.56057592041851,-0.5605759204185148
2026-06-03,D08,水煮鸡片,午餐,周三,否,125.0,131.42586995169026,-6.4258699516902595
2026-06-03,D08,水煮鸡片,晚餐,周三,是,99.0,100.40883237436464,-1.4088323743646356
2026-06-03,D09,糖醋里脊,午餐,周三,否,107.0,111.88854707813815,-4.888547078138146
2026-06-03,D09,糖醋里脊,晚餐,周三,否,90.0,90.35604004606228,-0.3560400460622759
2026-06-03,D10,西红柿牛腩,午餐,周三,否,102.0,98.27825404541808,3.7217459545819196
2026-06-03,D10,西红柿牛腩,晚餐,周三,否,71.0,83.74219097205776,-12.742190972057756
2026-06-04,D01,宫保鸡丁,午餐,周四,是,159.0,146.06655121417973,12.933448785820275
2026-06-04,D01,宫保鸡丁,晚餐,周四,否,116.0,119.82608294054525,-3.8260829405452483
2026-06-04,D02,红烧肉,午餐,周四,否,105.0,104.40103873201487,0.5989612679851319
2026-06-04,D02,红烧肉,晚餐,周四,否,82.0,81.33247229225987,0.6675277077401347
2026-06-04,D03,鱼香肉丝,午餐,周四,是,150.0,125.95872341465046,24.041276585349536
2026-06-04,D03,鱼香肉丝,晚餐,周四,是,115.3013986013986,114.81035687178795,0.4910417296106573
2026-06-04,D04,麻婆豆腐,午餐,周四,是,137.0,126.13070209488862,10.869297905111381
2026-06-04,D04,麻婆豆腐,晚餐,周四,否,109.0,108.22817448680209,0.7718255131979106
2026-06-04,D05,番茄炒蛋,午餐,周四,否,165.0,148.29553628025616,16.704463719743842
2026-06-04,D05,番茄炒蛋,晚餐,周四,否,132.0,124.84387821931868,7.1561217806813175
2026-06-04,D06,青椒土豆丝,午餐,周四,是,140.0,123.26045183092175,16.739548169078247
2026-06-04,D06,青椒土豆丝,晚餐,周四,否,102.0,101.97740259088754,0.022597409112464106
2026-06-04,D07,香菇青菜,午餐,周四,否,101.0,94.30539129419726,6.694608705802736
2026-06-04,D07,香菇青菜,晚餐,周四,否,81.0,79.4626959967481,1.5373040032519043
2026-06-04,D08,水煮鸡片,午餐,周四,是,124.0,119.76558180788099,4.2344181921190085
2026-06-04,D08,水煮鸡片,晚餐,周四,否,103.0,95.68376442394658,7.3162355760534155
2026-06-04,D09,糖醋里脊,午餐,周四,否,107.0,102.73798443613052,4.2620155638694825
2026-06-04,D09,糖醋里脊,晚餐,周四,否,85.0,86.9694979605895,-1.969497960589507
2026-06-04,D10,西红柿牛腩,午餐,周四,否,94.0,94.91491905497658,-0.9149190549765791
2026-06-04,D10,西红柿牛腩,晚餐,周四,否,78.0,80.2023699250293,-2.202369925029302
2026-06-05,D01,宫保鸡丁,午餐,周五,是,124.0,122.47130332697455,1.5286966730254505
2026-06-05,D01,宫保鸡丁,晚餐,周五,是,106.0,94.02219604425103,11.977803955748968
2026-06-05,D02,红烧肉,午餐,周五,是,93.0,83.80431101892009,9.195688981079911
2026-06-05,D02,红烧肉,晚餐,周五,否,68.0,65.53535079974651,2.46464920025349
2026-06-05,D03,鱼香肉丝,午餐,周五,是,113.0,108.02437807102082,4.97562192897918
2026-06-05,D03,鱼香肉丝,晚餐,周五,是,101.0,86.60077655961597,14.399223440384034
2026-06-05,D04,麻婆豆腐,午餐,周五,否,113.0,104.69197126574956,8.308028734250442
2026-06-05,D04,麻婆豆腐,晚餐,周五,否,89.0,86.68175386101521,2.31824613898479
2026-06-05,D05,番茄炒蛋,午餐,周五,否,133.0,114.87959989757243,18.120400102427567
2026-06-05,D05,番茄炒蛋,晚餐,周五,是,111.5117424242424,103.98321744588274,7.5285249783596555
2026-06-05,D06,青椒土豆丝,午餐,周五,否,100.0,102.07810791581946,-2.0781079158194586
2026-06-05,D06,青椒土豆丝,晚餐,周五,是,90.0,78.94185493245264,11.058145067547358
2026-06-05,D07,香菇青菜,午餐,周五,是,76.0,79.00413962114584,-3.004139621145839
2026-06-05,D07,香菇青菜,晚餐,周五,是,65.0,65.43295097548511,-0.4329509754851131
2026-06-05,D08,水煮鸡片,午餐,周五,否,98.0,98.17788205838156,-0.1778820583815559
2026-06-05,D08,水煮鸡片,晚餐,周五,是,82.0,76.96956689828258,5.030433101717421
2026-06-05,D09,糖醋里脊,午餐,周五,否,88.0,83.71968235981517,4.280317640184833
2026-06-05,D09,糖醋里脊,晚餐,周五,是,73.0,66.60306030679331,6.39693969320669
2026-06-05,D10,西红柿牛腩,午餐,周五,否,75.0,74.31414748073585,0.6858525192641451
2026-06-05,D10,西红柿牛腩,晚餐,周五,是,64.0,65.43295097548511,-1.432950975485113
2026-06-08,D01,宫保鸡丁,午餐,周一,是,172.0,159.53015559163129,12.469844408368715
2026-06-08,D01,宫保鸡丁,晚餐,周一,是,146.0,121.43052336825853,24.569476631741466
2026-06-08,D02,红烧肉,午餐,周一,是,121.0,116.67679181569041,4.323208184309593
2026-06-08,D02,红烧肉,晚餐,周一,是,93.0,88.79395531289202,4.206044687107976
2026-06-08,D03,鱼香肉丝,午餐,周一,是,151.0,136.86783719004885,14.132162809951154
2026-06-08,D03,鱼香肉丝,晚餐,周一,否,131.0,126.26639929510759,4.73360070489241
2026-06-08,D04,麻婆豆腐,午餐,周一,是,163.0,138.10950496948803,24.89049503051197
2026-06-08,D04,麻婆豆腐,晚餐,周一,否,117.0,121.91753784794552,-4.917537847945525
2026-06-08,D05,番茄炒蛋,午餐,周一,是,180.0,159.3864381298574,20.613561870142604
2026-06-08,D05,番茄炒蛋,晚餐,周一,否,142.0,138.93577155799835,3.0642284420016495
2026-06-08,D06,青椒土豆丝,午餐,周一,是,147.0,133.59833163287422,13.40166836712578
2026-06-08,D06,青椒土豆丝,晚餐,周一,否,120.0,108.51404584440503,11.485954155594968
2026-06-08,D07,香菇青菜,午餐,周一,否,105.0,103.55478432428681,1.445215675713186
2026-06-08,D07,香菇青菜,晚餐,周一,是,91.0,86.37852745775798,4.621472542242017
2026-06-08,D08,水煮鸡片,午餐,周一,否,135.0,128.11824395617927,6.8817560438207295
2026-06-08,D08,水煮鸡片,晚餐,周一,是,114.0,105.38450152400297,8.615498475997029
2026-06-08,D09,糖醋里脊,午餐,周一,否,117.0,108.3349876930669,8.665012306933093
2026-06-08,D09,糖醋里脊,晚餐,周一,否,93.0,92.95152812735392,0.04847187264607555
2026-06-08,D10,西红柿牛腩,午餐,周一,否,105.0,97.10774835378972,7.892251646210283
2026-06-08,D10,西红柿牛腩,晚餐,周一,否,86.0,92.23027859541364,-6.230278595413637
2026-06-09,D01,宫保鸡丁,午餐,周二,否,153.0,150.54001501719176,2.459984982808237
2026-06-09,D01,宫保鸡丁,晚餐,周二,是,124.0,125.48598285484987,-1.4859828548498655
2026-06-09,D02,红烧肉,午餐,周二,否,111.0,110.59751676181264,0.402483238187358
2026-06-09,D02,红烧肉,晚餐,周二,是,80.0,86.79171594624145,-6.791715946241453
2026-06-09,D03,鱼香肉丝,午餐,周二,否,143.0,130.20873293530013,12.791267064699866
2026-06-09,D03,鱼香肉丝,晚餐,周二,否,117.0,119.76487828527898,-2.764878285278982
2026-06-09,D04,麻婆豆腐,午餐,周二,否,132.0,129.91075407962782,2.0892459203721785
2026-06-09,D04,麻婆豆腐,晚餐,周二,否,115.0,108.17647760866134,6.823522391338656
2026-06-09,D05,番茄炒蛋,午餐,周二,否,156.0,162.2436628000137,-6.243662800013709
2026-06-09,D05,番茄炒蛋,晚餐,周二,是,144.0,126.0622401305619,17.937759869438096
2026-06-09,D06,青椒土豆丝,午餐,周二,否,129.0,127.22556880167373,1.774431198326269
2026-06-09,D06,青椒土豆丝,晚餐,周二,是,106.0,107.67538428494137,-1.675384284941373
2026-06-09,D07,香菇青菜,午餐,周二,是,100.0,99.37869736118166,0.6213026388183351
2026-06-09,D07,香菇青菜,晚餐,周二,否,79.0,86.3831771230607,-7.383177123060705
2026-06-09,D08,水煮鸡片,午餐,周二,否,112.0,121.68027990351722,-9.680279903517217
2026-06-09,D08,水煮鸡片,晚餐,周二,是,100.0,99.53136808381808,0.4686319161819199
2026-06-09,D09,糖醋里脊,午餐,周二,否,99.0,110.95158073640094,-11.951580736400942
2026-06-09,D09,糖醋里脊,晚餐,周二,否,82.0,89.07580221076506,-7.075802210765062
2026-06-09,D10,西红柿牛腩,午餐,周二,否,92.0,98.39657168969593,-6.396571689695932
2026-06-09,D10,西红柿牛腩,晚餐,周二,是,78.0,83.28996034752299,-5.289960347522992
2026-06-10,D01,宫保鸡丁,午餐,周三,是,164.0,155.7630817386878,8.236918261312212
2026-06-10,D01,宫保鸡丁,晚餐,周三,否,129.0,121.45406341125319,7.545936588746812
2026-06-10,D02,红烧肉,午餐,周三,是,121.0,110.56102070059924,10.438979299400756
2026-06-10,D02,红烧肉,晚餐,周三,否,86.0,80.91427938138534,5.085720618614658
2026-06-10,D03,鱼香肉丝,午餐,周三,否,135.0,134.61616440389886,0.38383559610113593
2026-06-10,D03,鱼香肉丝,晚餐,周三,否,120.0,117.29481603482317,2.705183965176829
2026-06-10,D04,麻婆豆腐,午餐,周三,是,151.0,130.66547329661745,20.33452670338255
2026-06-10,D04,麻婆豆腐,晚餐,周三,否,113.0,111.15040151532904,1.8495984846709632
2026-06-10,D05,番茄炒蛋,午餐,周三,是,183.0,149.4505166978596,33.5494833021404
2026-06-10,D05,番茄炒蛋,晚餐,周三,否,141.0,134.02268485863394,6.977315141366063
2026-06-10,D06,青椒土豆丝,午餐,周三,否,133.0,125.88184874369183,7.118151256308167
2026-06-10,D06,青椒土豆丝,晚餐,周三,否,109.0,108.79096376568067,0.20903623431932772
2026-06-10,D07,香菇青菜,午餐,周三,是,110.0,96.27579188610838,13.72420811389162
2026-06-10,D07,香菇青菜,晚餐,周三,否,80.0,81.85779635972342,-1.857796359723423
2026-06-10,D08,水煮鸡片,午餐,周三,否,119.0,118.16429283140776,0.8357071685922364
2026-06-10,D08,水煮鸡片,晚餐,周三,否,95.0,97.39966064278612,-2.3996606427861167
2026-06-10,D09,糖醋里脊,午餐,周三,否,109.0,101.25062587585958,7.749374124140417
2026-06-10,D09,糖醋里脊,晚餐,周三,否,94.0,85.87718774949403,8.122812250505973
2026-06-10,D10,西红柿牛腩,午餐,周三,否,100.0,94.98894635479304,5.011053645206957
2026-06-10,D10,西红柿牛腩,晚餐,周三,是,91.0,80.41811764487055,10.581882355129451
2026-06-11,D01,宫保鸡丁,午餐,周四,否,137.0,151.75998522897626,-14.759985228976262
2026-06-11,D01,宫保鸡丁,晚餐,周四,否,104.0,118.54490498196942,-14.544904981969424
2026-06-11,D02,红烧肉,午餐,周四,是,91.0,107.54710234294637,-16.547102342946374
2026-06-11,D02,红烧肉,晚餐,周四,是,79.0,80.95204123172354,-1.9520412317235412
2026-06-11,D03,鱼香肉丝,午餐,周四,否,123.0,134.5999005835382,-11.599900583538187
2026-06-11,D03,鱼香肉丝,晚餐,周四,否,98.0,112.04525305737421,-14.045253057374211
2026-06-11,D04,麻婆豆腐,午餐,周四,否,123.0,129.43935107051286,-6.439351070512856
2026-06-11,D04,麻婆豆腐,晚餐,周四,是,115.0,106.88130279519476,8.118697204805244
2026-06-11,D05,番茄炒蛋,午餐,周四,否,150.0,157.14335241334635,-7.143352413346349
2026-06-11,D05,番茄炒蛋,晚餐,周四,是,135.0,122.67116459076922,12.328835409230777
2026-06-11,D06,青椒土豆丝,午餐,周四,否,128.0,124.08957955657836,3.9104204434216427
2026-06-11,D06,青椒土豆丝,晚餐,周四,是,111.0,102.2217168201604,8.778283179839605
2026-06-11,D07,香菇青菜,午餐,周四,是,102.0,99.86528182857934,2.1347181714206585
2026-06-11,D07,香菇青菜,晚餐,周四,否,76.0,80.74152559892198,-4.7415255989219816
2026-06-11,D08,水煮鸡片,午餐,周四,是,109.0,113.82882209813502,-4.828822098135021
2026-06-11,D08,水煮鸡片,晚餐,周四,否,87.0,95.46244863914019,-8.462448639140192
2026-06-11,D09,糖醋里脊,午餐,周四,是,102.0,101.60085071832167,0.3991492816783335
2026-06-11,D09,糖醋里脊,晚餐,周四,是,87.0,86.93111211172449,0.06888788827551195
2026-06-11,D10,西红柿牛腩,午餐,周四,是,81.24542124542124,94.871160154869,-13.625738909447762
2026-06-11,D10,西红柿牛腩,晚餐,周四,是,68.0,81.4289131248129,-13.428913124812894
2026-06-12,D01,宫保鸡丁,午餐,周五,是,136.0,133.53825785533132,2.4617421446686762
2026-06-12,D01,宫保鸡丁,晚餐,周五,是,119.0,103.67133399424468,15.328666005755323
2026-06-12,D02,红烧肉,午餐,周五,否,85.0,93.59935782850918,-8.599357828509184
2026-06-12,D02,红烧肉,晚餐,周五,否,70.0,73.59122394889607,-3.591223948896072
2026-06-12,D03,鱼香肉丝,午餐,周五,否,122.0,118.72791205607795,3.2720879439220454
2026-06-12,D03,鱼香肉丝,晚餐,周五,是,103.0,99.08348218495195,3.916517815048053
2026-06-12,D04,麻婆豆腐,午餐,周五,否,120.0,118.86532669520938,1.1346733047906241
2026-06-12,D04,麻婆豆腐,晚餐,周五,是,105.0,100.43055543877833,4.5694445612216725
2026-06-12,D05,番茄炒蛋,午餐,周五,是,147.0,142.98189578338327,4.0181042166167344
2026-06-12,D05,番茄炒蛋,晚餐,周五,否,125.0,121.18505130729794,3.8149486927020604
2026-06-12,D06,青椒土豆丝,午餐,周五,是,182.0,113.35203849399952,68.64796150600048
2026-06-12,D06,青椒土豆丝,晚餐,周五,是,96.0,95.41361619091104,0.5863838090889573
2026-06-12,D07,香菇青菜,午餐,周五,否,83.0,89.23832480877105,-6.238324808771054
2026-06-12,D07,香菇青菜,晚餐,周五,是,74.0,73.48882412463468,0.5111758753653248
2026-06-12,D08,水煮鸡片,午餐,周五,是,115.0,99.2683167316534,15.7316832683466
2026-06-12,D08,水煮鸡片,晚餐,周五,是,85.0,84.33206347246302,0.6679365275369804
2026-06-12,D09,糖醋里脊,午餐,周五,否,100.0,91.18788077963632,8.812119220363684
2026-06-12,D09,糖醋里脊,晚餐,周五,否,73.0,76.91596036446565,-3.915960364465647
2026-06-12,D10,西红柿牛腩,午餐,周五,是,77.0,79.699597865285,-2.699597865285
2026-06-12,D10,西红柿牛腩,晚餐,周五,否,60.0,73.48882412463468,-13.488824124634675
2026-06-15,D01,宫保鸡丁,午餐,周一,否,165.0,167.98805478481228,-2.9880547848122774
2026-06-15,D01,宫保鸡丁,晚餐,周一,否,130.0,138.32413180296084,-8.324131802960835
2026-06-15,D02,红烧肉,午餐,周一,否,99.0,108.61179716433143,-9.611797164331435
2026-06-15,D02,红烧肉,晚餐,周一,否,88.0,89.13745063972134,-1.1374506397213366
2026-06-15,D03,鱼香肉丝,午餐,周一,否,135.0,143.94994299231027,-8.94994299231027
2026-06-15,D03,鱼香肉丝,晚餐,周一,否,118.0,122.5207603121182,-4.520760312118199
2026-06-15,D04,麻婆豆腐,午餐,周一,否,142.0,154.63764224109633,-12.63764224109633
2026-06-15,D04,麻婆豆腐,晚餐,周一,否,135.0,122.24661940059161,12.753380599408388
2026-06-15,D05,番茄炒蛋,午餐,周一,是,188.0,168.01617425701482,19.983825742985175
2026-06-15,D05,番茄炒蛋,晚餐,周一,否,149.0,148.836621040412,0.16337895958798754
2026-06-15,D06,青椒土豆丝,午餐,周一,是,137.0,150.95782353727407,-13.957823537274066
2026-06-15,D06,青椒土豆丝,晚餐,周一,是,116.0,116.69865130398217,-0.6986513039821745
2026-06-15,D07,香菇青菜,午餐,周一,是,112.0,104.60001795859463,7.399982041405366
2026-06-15,D07,香菇青菜,晚餐,周一,否,84.0,90.58527611086997,-6.58527611086997
2026-06-15,D08,水煮鸡片,午餐,周一,否,127.0,130.2590893108685,-3.2590893108684895
2026-06-15,D08,水煮鸡片,晚餐,周一,否,92.0,108.38003391086839,-16.38003391086839
2026-06-15,D09,糖醋里脊,午餐,周一,否,99.0,108.09276974268188,-9.092769742681881
2026-06-15,D09,糖醋里脊,晚餐,周一,是,91.0,93.79624138732628,-2.796241387326276
2026-06-15,D10,西红柿牛腩,午餐,周一,否,84.0,96.66735058622808,-12.667350586228082
2026-06-15,D10,西红柿牛腩,晚餐,周一,否,70.0,83.18920753275586,-13.189207532755859
2026-06-16,D01,宫保鸡丁,午餐,周二,否,137.0,150.7359210086668,-13.735921008666793
2026-06-16,D01,宫保鸡丁,晚餐,周二,否,117.0,119.97713343962924,-2.9771334396292417
2026-06-16,D02,红烧肉,午餐,周二,否,98.0,102.20340698907381,-4.203406989073812
2026-06-16,D02,红烧肉,晚餐,周二,是,85.0,80.10424576216882,4.895754237831184
2026-06-16,D03,鱼香肉丝,午餐,周二,否,124.0,127.3836073766283,-3.383607376628305
2026-06-16,D03,鱼香肉丝,晚餐,周二,否,107.0,108.26216047270405,-1.2621604727040534
2026-06-16,D04,麻婆豆腐,午餐,周二,是,141.0,134.30102485221053,6.698975147789469
2026-06-16,D04,麻婆豆腐,晚餐,周二,是,122.0,115.45162547320477,6.548374526795229
2026-06-16,D05,番茄炒蛋,午餐,周二,否,146.0,161.35341647277386,-15.353416472773858
2026-06-16,D05,番茄炒蛋,晚餐,周二,否,146.0,138.00100472168992,7.998995278310076
2026-06-16,D06,青椒土豆丝,午餐,周二,否,133.0,137.69420099344774,-4.694200993447737
2026-06-16,D06,青椒土豆丝,晚餐,周二,是,113.0,111.59370823056568,1.4062917694343184
2026-06-16,D07,香菇青菜,午餐,周二,否,97.0,103.0749511493244,-6.074951149324406
2026-06-16,D07,香菇青菜,晚餐,周二,是,80.0,81.19912821951816,-1.1991282195181583
2026-06-16,D08,水煮鸡片,午餐,周二,否,120.0,114.100362475235,5.899637524764998
2026-06-16,D08,水煮鸡片,晚餐,周二,否,94.0,94.98730568267928,-0.9873056826792777
2026-06-16,D09,糖醋里脊,午餐,周二,否,97.0,98.5134959415449,-1.5134959415449032
2026-06-16,D09,糖醋里脊,晚餐,周二,否,89.0,86.33717208713429,2.6628279128657084
2026-06-16,D10,西红柿牛腩,午餐,周二,否,82.0,81.92289626559949,0.07710373440050944
2026-06-16,D10,西红柿牛腩,晚餐,周二,否,73.0,77.91195978295785,-4.911959782957851
2026-06-17,D01,宫保鸡丁,午餐,周三,否,154.0,157.86524349418147,-3.8652434941814704
2026-06-17,D01,宫保鸡丁,晚餐,周三,否,127.0,122.46223596134607,4.537764038653933
2026-06-17,D02,红烧肉,午餐,周三,是,107.0,103.97387090799398,3.026129092006016
2026-06-17,D02,红烧肉,晚餐,周三,否,87.0,80.2568728359005,6.743127164099505
2026-06-17,D03,鱼香肉丝,午餐,周三,否,142.0,128.28088225031223,13.719117749687769
2026-06-17,D03,鱼香肉丝,晚餐,周三,否,117.0,107.15061439888244,9.849385601117561
2026-06-17,D04,麻婆豆腐,午餐,周三,否,149.0,135.828085885398,13.171914114602004
2026-06-17,D04,麻婆豆腐,晚餐,周三,否,118.0,112.73527043793842,5.264729562061575
2026-06-17,D05,番茄炒蛋,午餐,周三,否,163.0,164.55194139747482,-1.5519413974748204
2026-06-17,D05,番茄炒蛋,晚餐,周三,否,136.0,136.19409058832878,-0.1940905883287769
2026-06-17,D06,青椒土豆丝,午餐,周三,否,145.0,148.61892520988278,-3.618925209882775
2026-06-17,D06,青椒土豆丝,晚餐,周三,是,114.0,110.06693073928383,3.9330692607161666
2026-06-17,D07,香菇青菜,午餐,周三,否,106.0,97.31098813183586,8.689011868164144
2026-06-17,D07,香菇青菜,晚餐,周三,否,87.0,77.73799237973573,9.26200762026427
2026-06-17,D08,水煮鸡片,午餐,周三,是,131.0,115.03873310734589,15.961266892654109
2026-06-17,D08,水煮鸡片,晚餐,周三,否,96.0,92.28242988381733,3.717570116182671
2026-06-17,D09,糖醋里脊,午餐,周三,是,113.0,100.89019265924969,12.109807340750308
2026-06-17,D09,糖醋里脊,晚餐,周三,否,90.0,88.04969237518286,1.9503076248171425
2026-06-17,D10,西红柿牛腩,午餐,周三,是,96.0,91.3327781477443,4.667221852255693
2026-06-17,D10,西红柿牛腩,晚餐,周三,否,71.0,79.77204503984422,-8.772045039844215
2026-06-18,D01,宫保鸡丁,午餐,周四,是,156.0,135.07256664305578,20.92743335694422
2026-06-18,D01,宫保鸡丁,晚餐,周四,是,123.0,114.25036224832732,8.74963775167268
2026-06-18,D02,红烧肉,午餐,周四,是,102.0,91.78631849659924,10.213681503400764
2026-06-18,D02,红烧肉,晚餐,周四,否,75.0,74.194591451702,0.8054085482980042
2026-06-18,D03,鱼香肉丝,午餐,周四,是,139.0,121.78302522300892,17.21697477699108
2026-06-18,D03,鱼香肉丝,晚餐,周四,是,113.0,102.99344952397273,10.006550476027272
2026-06-18,D04,麻婆豆腐,午餐,周四,否,146.0,123.92903933105082,22.070960668949184
2026-06-18,D04,麻婆豆腐,晚餐,周四,否,115.0,107.69138434309785,7.308615656902148
2026-06-18,D05,番茄炒蛋,午餐,周四,否,167.0,142.84963881132225,24.15036118867775
2026-06-18,D05,番茄炒蛋,晚餐,周四,否,138.0,122.31542672579657,15.68457327420343
2026-06-18,D06,青椒土豆丝,午餐,周四,否,144.0,130.62800217846802,13.371997821531977
2026-06-18,D06,青椒土豆丝,晚餐,周四,是,108.0,109.47784288703204,-1.4778428870320397
2026-06-18,D07,香菇青菜,午餐,周四,是,110.0,98.2461411273744,11.7538588726256
2026-06-18,D07,香菇青菜,晚餐,周四,是,95.0,73.0830634975343,21.916936502465703
2026-06-18,D08,水煮鸡片,午餐,周四,是,109.0,115.97339506562487,-6.973395065624871
2026-06-18,D08,水煮鸡片,晚餐,周四,是,89.0,87.18664579681962,1.8133542031803813
2026-06-18,D09,糖醋里脊,午餐,周四,是,109.0,99.08248123722957,9.917518762770428
2026-06-18,D09,糖醋里脊,晚餐,周四,是,81.0,81.5497388828052,-0.549738882805201
2026-06-18,D10,西红柿牛腩,午餐,周四,是,81.0,78.88652624702179,2.1134737529782086
2026-06-18,D10,西红柿牛腩,晚餐,周四,是,64.0,70.42811809130751,-6.42811809130751
2026-06-19,D01,宫保鸡丁,午餐,周五,否,93.0,109.37241303212656,-16.37241303212656
2026-06-19,D01,宫保鸡丁,晚餐,周五,是,76.0,94.54501166438693,-18.545011664386934
2026-06-19,D02,红烧肉,午餐,周五,否,60.0,71.36313419541314,-11.363134195413139
2026-06-19,D02,红烧肉,晚餐,周五,是,48.0,63.63119725420529,-15.63119725420529
2026-06-19,D03,鱼香肉丝,午餐,周五,否,84.0,95.78380320421357,-11.78380320421357
2026-06-19,D03,鱼香肉丝,晚餐,周五,是,74.0,81.40363048076905,-7.403630480769053
2026-06-19,D04,麻婆豆腐,午餐,周五,否,84.0,95.41500839839556,-11.415008398395557
2026-06-19,D04,麻婆豆腐,晚餐,周五,是,81.0,81.18377832792605,-0.1837783279260492
2026-06-19,D05,番茄炒蛋,午餐,周五,否,102.0,113.76008410847608,-11.760084108476079
2026-06-19,D05,番茄炒蛋,晚餐,周五,是,96.0,101.89077082073466,-5.890770820734659
2026-06-19,D06,青椒土豆丝,午餐,周五,是,85.0,122.41297733393053,-37.41297733393053
2026-06-19,D06,青椒土豆丝,晚餐,周五,否,73.0,87.6901704540241,-14.690170454024098
2026-06-19,D07,香菇青菜,午餐,周五,是,68.0,73.6769496583968,-5.6769496583967936
2026-06-19,D07,香菇青菜,晚餐,周五,否,57.0,59.72146863369101,-2.7214686336910106
2026-06-19,D08,水煮鸡片,午餐,周五,是,78.0,86.53980274159143,-8.53980274159143
2026-06-19,D08,水煮鸡片,晚餐,周五,是,61.0,67.7633745268717,-6.763374526871701
2026-06-19,D09,糖醋里脊,午餐,周五,否,67.0,76.87522189019234,-9.875221890192336
2026-06-19,D09,糖醋里脊,晚餐,周五,是,55.0,62.066320181911614,-7.066320181911614
2026-06-19,D10,西红柿牛腩,午餐,周五,是,55.0,57.39877907216744,-2.398779072167443
2026-06-19,D10,西红柿牛腩,晚餐,周五,否,44.0,54.86442091005715,-10.864420910057149
2026-06-22,D01,宫保鸡丁,午餐,周一,是,178.0,160.03382900007233,17.96617099992767
2026-06-22,D01,宫保鸡丁,晚餐,周一,是,145.0,135.60553404039112,9.39446595960888
2026-06-22,D02,红烧肉,午餐,周一,否,120.0,103.61606306900201,16.38393693099799
2026-06-22,D02,红烧肉,晚餐,周一,否,87.0,91.8731614178654,-4.873161417865404
2026-06-22,D03,鱼香肉丝,午餐,周一,否,161.0,136.68829755732193,24.31170244267807
2026-06-22,D03,鱼香肉丝,晚餐,周一,是,129.0,116.835798737858,12.164201262142
2026-06-22,D04,麻婆豆腐,午餐,周一,否,155.0,142.93450652906705,12.06549347093295
2026-06-22,D04,麻婆豆腐,晚餐,周一,否,127.0,122.51268617955652,4.487313820443475
2026-06-22,D05,番茄炒蛋,午餐,周一,是,183.0,170.4314605895625,12.568539410437495
2026-06-22,D05,番茄炒蛋,晚餐,周一,否,145.0,147.7256353192663,-2.7256353192663028
2026-06-22,D06,青椒土豆丝,午餐,周一,是,153.0,144.6979931199914,8.302006880008605
2026-06-22,D06,青椒土豆丝,晚餐,周一,否,113.0,118.78184367763167,-5.78184367763167
2026-06-22,D07,香菇青菜,午餐,周一,是,122.0,106.35625560522003,15.643744394779972
2026-06-22,D07,香菇青菜,晚餐,周一,否,96.0,88.09422034273308,7.905779657266919
2026-06-22,D08,水煮鸡片,午餐,周一,否,133.0,120.1445257109564,12.855474289043599
2026-06-22,D08,水煮鸡片,晚餐,周一,是,113.0,100.30047329215984,12.699526707840164
2026-06-22,D09,糖醋里脊,午餐,周一,是,120.0,109.42784670478923,10.572153295210768
2026-06-22,D09,糖醋里脊,晚餐,周一,否,95.0,98.39744400675023,-3.3974440067502343
2026-06-22,D10,西红柿牛腩,午餐,周一,是,104.0,88.32690377202516,15.673096227974838
2026-06-22,D10,西红柿牛腩,晚餐,周一,否,86.0,87.03934445933783,-1.0393444593378263
2026-06-23,D01,宫保鸡丁,午餐,周二,是,167.0,144.19326381450384,22.806736185496163
2026-06-23,D01,宫保鸡丁,晚餐,周二,否,117.0,124.79327670777104,-7.793276707771042
2026-06-23,D02,红烧肉,午餐,周二,是,110.0,103.24726783699671,6.752732163003287
2026-06-23,D02,红烧肉,晚餐,周二,否,90.0,82.14320657853742,7.856793421462584
2026-06-23,D03,鱼香肉丝,午餐,周二,否,151.0,134.0956827262565,16.904317273743487
2026-06-23,D03,鱼香肉丝,晚餐,周二,否,105.0,113.34685487139325,-8.346854871393248
2026-06-23,D04,麻婆豆腐,午餐,周二,是,144.0,135.40479508745122,8.59520491254878
2026-06-23,D04,麻婆豆腐,晚餐,周二,否,110.0,110.6900116989602,-0.6900116989602054
2026-06-23,D05,番茄炒蛋,午餐,周二,否,174.0,152.6951287472036,21.304871252796403
2026-06-23,D05,番茄炒蛋,晚餐,周二,否,126.0,137.56272200124988,-11.562722001249881
2026-06-23,D06,青椒土豆丝,午餐,周二,是,140.0,138.3945614665938,1.6054385334061863
2026-06-23,D06,青椒土豆丝,晚餐,周二,否,113.0,109.9754082769749,3.0245917230250967
2026-06-23,D07,香菇青菜,午餐,周二,否,98.0,101.99752173569689,-3.9975217356968926
2026-06-23,D07,香菇青菜,晚餐,周二,否,83.0,82.76205657482376,0.23794342517624045
2026-06-23,D08,水煮鸡片,午餐,周二,否,124.0,112.89170316786657,11.108296832133433
2026-06-23,D08,水煮鸡片,晚餐,周二,是,98.0,95.40471771929691,2.5952822807030884
2026-06-23,D09,糖醋里脊,午餐,周二,否,102.0,106.96236878061926,-4.962368780619258
2026-06-23,D09,糖醋里脊,晚餐,周二,是,87.0,88.93753235869629,-1.9375323586962878
2026-06-23,D10,西红柿牛腩,午餐,周二,是,94.0,86.31301454524841,7.686985454751593
2026-06-23,D10,西红柿牛腩,晚餐,周二,否,74.0,77.54168891592086,-3.541688915920858
2026-06-24,D01,宫保鸡丁,午餐,周三,否,136.0,134.97677957148517,1.0232204285148327
2026-06-24,D01,宫保鸡丁,晚餐,周三,是,114.0,111.63108272261401,2.3689172773859895
2026-06-24,D02,红烧肉,午餐,周三,是,93.0,87.6473459222674,5.352654077732595
2026-06-24,D02,红烧肉,晚餐,周三,是,77.0,71.60833689150842,5.391663108491585
2026-06-24,D03,鱼香肉丝,午餐,周三,是,139.0,112.49836781465311,26.501632185346892
2026-06-24,D03,鱼香肉丝,晚餐,周三,是,110.0,94.49470174689489,15.50529825310511
2026-06-24,D04,麻婆豆腐,午餐,周三,是,139.0,124.23022559552695,14.769774404473054
2026-06-24,D04,麻婆豆腐,晚餐,周三,是,123.0,97.78942690290553,25.210573097094468
2026-06-24,D05,番茄炒蛋,午餐,周三,否,166.0,137.41961468673378,28.58038531326622
2026-06-24,D05,番茄炒蛋,晚餐,周三,是,139.0,117.79942596508323,21.20057403491677
2026-06-24,D06,青椒土豆丝,午餐,周三,否,128.0,116.64564297660554,11.354357023394456
2026-06-24,D06,青椒土豆丝,晚餐,周三,否,99.0,96.40433544989907,2.5956645501009348
2026-06-24,D07,香菇青菜,午餐,周三,否,98.0,86.3981519587587,11.601848041241297
2026-06-24,D07,香菇青菜,晚餐,周三,否,71.0,68.24426411785242,2.755735882147576
2026-06-24,D08,水煮鸡片,午餐,周三,否,110.0,105.2459079913107,4.754092008689298
2026-06-24,D08,水煮鸡片,晚餐,周三,是,97.0,83.22428000201779,13.775719997982208
2026-06-24,D09,糖醋里脊,午餐,周三,否,100.0,91.94283809373911,8.057161906260887
2026-06-24,D09,糖醋里脊,晚餐,周三,是,93.0,75.16891522738227,17.83108477261773
2026-06-24,D10,西红柿牛腩,午餐,周三,是,81.0,75.73343229958192,5.266567700418079
2026-06-24,D10,西红柿牛腩,晚餐,周三,是,65.0,68.08831753460925,-3.0883175346092457
2026-06-25,D01,宫保鸡丁,午餐,周四,否,131.0,148.10930861552146,-17.109308615521456
2026-06-25,D01,宫保鸡丁,晚餐,周四,否,101.0,125.40987725001371,-24.409877250013707
2026-06-25,D02,红烧肉,午餐,周四,否,86.0,96.60523787781048,-10.605237877810481
2026-06-25,D02,红烧肉,晚餐,周四,否,65.0,77.92518605709856,-12.925186057098557
2026-06-25,D03,鱼香肉丝,午餐,周四,否,120.0,132.71970119779084,-12.71970119779084
2026-06-25,D03,鱼香肉丝,晚餐,周四,否,103.0,110.13181920180934,-7.131819201809336
2026-06-25,D04,麻婆豆腐,午餐,周四,否,125.0,133.16727719185977,-8.167277191859768
2026-06-25,D04,麻婆豆腐,晚餐,周四,否,115.0,109.55713528285399,5.4428647171460085
2026-06-25,D05,番茄炒蛋,午餐,周四,否,152.0,158.51203110135089,-6.512031101350885
2026-06-25,D05,番茄炒蛋,晚餐,周四,否,134.0,133.75803550954868,0.2419644904513234
2026-06-25,D06,青椒土豆丝,午餐,周四,是,121.0,140.583207744103,-19.583207744102992
2026-06-25,D06,青椒土豆丝,晚餐,周四,否,97.0,105.27499145215793,-8.274991452157934
2026-06-25,D07,香菇青菜,午餐,周四,否,93.0,96.35231572102644,-3.352315721026443
2026-06-25,D07,香菇青菜,晚餐,周四,否,80.0,81.57812073711678,-1.5781207371167767
2026-06-25,D08,水煮鸡片,午餐,周四,否,106.0,119.37976883389621,-13.379768833896208
2026-06-25,D08,水煮鸡片,晚餐,周四,否,79.0,89.96708627592774,-10.967086275927741
2026-06-25,D09,糖醋里脊,午餐,周四,是,93.0,102.22035165102893,-9.220351651028935
2026-06-25,D09,糖醋里脊,晚餐,周四,否,77.0,86.6428138986271,-9.642813898627097
2026-06-25,D10,西红柿牛腩,午餐,周四,否,79.0,81.05413602817781,-2.0541360281778083
2026-06-25,D10,西红柿牛腩,晚餐,周四,否,62.0,69.70800638737957,-7.7080063873795694
2026-06-26,D01,宫保鸡丁,午餐,周五,否,121.0,125.91768685313531,-4.917686853135308
2026-06-26,D01,宫保鸡丁,晚餐,周五,否,100.0,94.66944183051764,5.330558169482359
2026-06-26,D02,红烧肉,午餐,周五,否,81.0,71.30975819004296,9.690241809957044
2026-06-26,D02,红烧肉,晚餐,周五,否,67.0,61.95093570045985,5.049064299540149
2026-06-26,D03,鱼香肉丝,午餐,周五,是,113.0,111.99267272287575,1.0073272771242472
2026-06-26,D03,鱼香肉丝,晚餐,周五,是,101.0,84.13925749816927,16.860742501830728
2026-06-26,D04,麻婆豆腐,午餐,周五,否,124.0,115.56673915892662,8.433260841073377
2026-06-26,D04,麻婆豆腐,晚餐,周五,是,113.0,95.70464975649416,17.295350243505837
2026-06-26,D05,番茄炒蛋,午餐,周五,是,154.0,127.81341116087724,26.186588839122763
2026-06-26,D05,番茄炒蛋,晚餐,周五,否,116.0,120.04043862458111,-4.040438624581114
2026-06-26,D06,青椒土豆丝,午餐,周五,是,115.0,120.44021946967766,-5.440219469677658
2026-06-26,D06,青椒土豆丝,晚餐,周五,是,99.0,82.85951942050248,16.14048057949752
2026-06-26,D07,香菇青菜,午餐,周五,是,93.0,72.52780554169767,20.472194458302326
2026-06-26,D07,香菇青菜,晚餐,周五,否,72.0,60.44967969745395,11.550320302546048
2026-06-26,D08,水煮鸡片,午餐,周五,是,101.0,98.57010743817142,2.4298925618285807
2026-06-26,D08,水煮鸡片,晚餐,周五,否,84.0,70.11997341827754,13.880026581722461
2026-06-26,D09,糖醋里脊,午餐,周五,是,89.0,73.81883530876252,15.181164691237484
2026-06-26,D09,糖醋里脊,晚餐,周五,是,77.0,64.9756261463442,12.024373853655803
2026-06-26,D10,西红柿牛腩,午餐,周五,否,71.0,63.51643433136886,7.483565668631137
2026-06-26,D10,西红柿牛腩,晚餐,周五,是,62.0,58.67995513228632,3.3200448677136833
